subject,trial,study_time,item_type,trial_type,response
subj01,1,1,word,target,1
subj01,2,1,word,target,1
subj01,3,1,word,target,1
subj01,4,1,word,target,1
subj01,5,1,word,target,1
subj01,6,1,word,target,1
subj01,7,1,word,target,0
subj01,8,1,word,target,0
subj01,9,1,word,target,0
subj01,10,1,word,target,1
subj01,11,1,word,lure,0
subj01,12,1,word,lure,0
subj01,13,1,word,lure,1
subj01,14,1,word,lure,0
subj01,15,1,word,lure,1
subj01,16,1,word,lure,1
subj01,17,1,word,lure,1
subj01,18,1,word,lure,0
subj01,19,1,word,lure,1
subj01,20,1,word,lure,0
subj01,21,1,picture,target,0
subj01,22,1,picture,target,0
subj01,23,1,picture,target,1
subj01,24,1,picture,target,0
subj01,25,1,picture,target,1
subj01,26,1,picture,target,1
subj01,27,1,picture,target,1
subj01,28,1,picture,target,0
subj01,29,1,picture,target,0
subj01,30,1,picture,target,1
subj01,31,1,picture,lure,0
subj01,32,1,picture,lure,1
subj01,33,1,picture,lure,1
subj01,34,1,picture,lure,0
subj01,35,1,picture,lure,0
subj01,36,1,picture,lure,0
subj01,37,1,picture,lure,0
subj01,38,1,picture,lure,0
subj01,39,1,picture,lure,1
subj01,40,1,picture,lure,0
subj01,41,2,word,target,1
subj01,42,2,word,target,1
subj01,43,2,word,target,1
subj01,44,2,word,target,0
subj01,45,2,word,target,1
subj01,46,2,word,target,1
subj01,47,2,word,target,0
subj01,48,2,word,target,0
subj01,49,2,word,target,0
subj01,50,2,word,target,1
subj01,51,2,word,lure,1
subj01,52,2,word,lure,1
subj01,53,2,word,lure,1
subj01,54,2,word,lure,1
subj01,55,2,word,lure,1
subj01,56,2,word,lure,1
subj01,57,2,word,lure,1
subj01,58,2,word,lure,0
subj01,59,2,word,lure,0
subj01,60,2,word,lure,0
subj01,61,2,picture,target,1
subj01,62,2,picture,target,0
subj01,63,2,picture,target,0
subj01,64,2,picture,target,0
subj01,65,2,picture,target,1
subj01,66,2,picture,target,0
subj01,67,2,picture,target,0
subj01,68,2,picture,target,1
subj01,69,2,picture,target,0
subj01,70,2,picture,target,1
subj01,71,2,picture,lure,0
subj01,72,2,picture,lure,0
subj01,73,2,picture,lure,0
subj01,74,2,picture,lure,0
subj01,75,2,picture,lure,1
subj01,76,2,picture,lure,1
subj01,77,2,picture,lure,1
subj01,78,2,picture,lure,0
subj01,79,2,picture,lure,0
subj01,80,2,picture,lure,0
subj01,81,4,word,target,1
subj01,82,4,word,target,1
subj01,83,4,word,target,1
subj01,84,4,word,target,0
subj01,85,4,word,target,1
subj01,86,4,word,target,1
subj01,87,4,word,target,1
subj01,88,4,word,target,1
subj01,89,4,word,target,1
subj01,90,4,word,target,1
subj01,91,4,word,lure,0
subj01,92,4,word,lure,0
subj01,93,4,word,lure,0
subj01,94,4,word,lure,0
subj01,95,4,word,lure,1
subj01,96,4,word,lure,1
subj01,97,4,word,lure,0
subj01,98,4,word,lure,1
subj01,99,4,word,lure,0
subj01,100,4,word,lure,0
subj01,101,4,picture,target,1
subj01,102,4,picture,target,0
subj01,103,4,picture,target,1
subj01,104,4,picture,target,0
subj01,105,4,picture,target,0
subj01,106,4,picture,target,1
subj01,107,4,picture,target,0
subj01,108,4,picture,target,0
subj01,109,4,picture,target,0
subj01,110,4,picture,target,0
subj01,111,4,picture,lure,0
subj01,112,4,picture,lure,0
subj01,113,4,picture,lure,0
subj01,114,4,picture,lure,0
subj01,115,4,picture,lure,0
subj01,116,4,picture,lure,0
subj01,117,4,picture,lure,0
subj01,118,4,picture,lure,0
subj01,119,4,picture,lure,0
subj01,120,4,picture,lure,0
subj02,1,1,word,target,0
subj02,2,1,word,target,0
subj02,3,1,word,target,1
subj02,4,1,word,target,0
subj02,5,1,word,target,1
subj02,6,1,word,target,1
subj02,7,1,word,target,1
subj02,8,1,word,target,1
subj02,9,1,word,target,1
subj02,10,1,word,target,1
subj02,11,1,word,lure,0
subj02,12,1,word,lure,1
subj02,13,1,word,lure,1
subj02,14,1,word,lure,1
subj02,15,1,word,lure,1
subj02,16,1,word,lure,1
subj02,17,1,word,lure,0
subj02,18,1,word,lure,1
subj02,19,1,word,lure,0
subj02,20,1,word,lure,1
subj02,21,1,picture,target,1
subj02,22,1,picture,target,1
subj02,23,1,picture,target,0
subj02,24,1,picture,target,0
subj02,25,1,picture,target,0
subj02,26,1,picture,target,1
subj02,27,1,picture,target,0
subj02,28,1,picture,target,0
subj02,29,1,picture,target,0
subj02,30,1,picture,target,1
subj02,31,1,picture,lure,0
subj02,32,1,picture,lure,1
subj02,33,1,picture,lure,0
subj02,34,1,picture,lure,0
subj02,35,1,picture,lure,0
subj02,36,1,picture,lure,0
subj02,37,1,picture,lure,1
subj02,38,1,picture,lure,0
subj02,39,1,picture,lure,0
subj02,40,1,picture,lure,0
subj02,41,2,word,target,1
subj02,42,2,word,target,0
subj02,43,2,word,target,0
subj02,44,2,word,target,0
subj02,45,2,word,target,1
subj02,46,2,word,target,1
subj02,47,2,word,target,0
subj02,48,2,word,target,0
subj02,49,2,word,target,0
subj02,50,2,word,target,0
subj02,51,2,word,lure,0
subj02,52,2,word,lure,0
subj02,53,2,word,lure,1
subj02,54,2,word,lure,1
subj02,55,2,word,lure,1
subj02,56,2,word,lure,0
subj02,57,2,word,lure,0
subj02,58,2,word,lure,0
subj02,59,2,word,lure,0
subj02,60,2,word,lure,0
subj02,61,2,picture,target,1
subj02,62,2,picture,target,1
subj02,63,2,picture,target,0
subj02,64,2,picture,target,0
subj02,65,2,picture,target,1
subj02,66,2,picture,target,1
subj02,67,2,picture,target,1
subj02,68,2,picture,target,0
subj02,69,2,picture,target,1
subj02,70,2,picture,target,0
subj02,71,2,picture,lure,0
subj02,72,2,picture,lure,0
subj02,73,2,picture,lure,0
subj02,74,2,picture,lure,0
subj02,75,2,picture,lure,0
subj02,76,2,picture,lure,1
subj02,77,2,picture,lure,0
subj02,78,2,picture,lure,1
subj02,79,2,picture,lure,0
subj02,80,2,picture,lure,0
subj02,81,4,word,target,1
subj02,82,4,word,target,1
subj02,83,4,word,target,0
subj02,84,4,word,target,1
subj02,85,4,word,target,0
subj02,86,4,word,target,1
subj02,87,4,word,target,0
subj02,88,4,word,target,0
subj02,89,4,word,target,1
subj02,90,4,word,target,1
subj02,91,4,word,lure,0
subj02,92,4,word,lure,0
subj02,93,4,word,lure,0
subj02,94,4,word,lure,1
subj02,95,4,word,lure,0
subj02,96,4,word,lure,1
subj02,97,4,word,lure,0
subj02,98,4,word,lure,1
subj02,99,4,word,lure,0
subj02,100,4,word,lure,0
subj02,101,4,picture,target,1
subj02,102,4,picture,target,0
subj02,103,4,picture,target,1
subj02,104,4,picture,target,1
subj02,105,4,picture,target,1
subj02,106,4,picture,target,1
subj02,107,4,picture,target,0
subj02,108,4,picture,target,1
subj02,109,4,picture,target,1
subj02,110,4,picture,target,1
subj02,111,4,picture,lure,1
subj02,112,4,picture,lure,0
subj02,113,4,picture,lure,1
subj02,114,4,picture,lure,0
subj02,115,4,picture,lure,0
subj02,116,4,picture,lure,1
subj02,117,4,picture,lure,0
subj02,118,4,picture,lure,0
subj02,119,4,picture,lure,0
subj02,120,4,picture,lure,0
subj03,1,1,word,target,1
subj03,2,1,word,target,0
subj03,3,1,word,target,0
subj03,4,1,word,target,1
subj03,5,1,word,target,1
subj03,6,1,word,target,1
subj03,7,1,word,target,0
subj03,8,1,word,target,1
subj03,9,1,word,target,1
subj03,10,1,word,target,0
subj03,11,1,word,lure,1
subj03,12,1,word,lure,0
subj03,13,1,word,lure,0
subj03,14,1,word,lure,0
subj03,15,1,word,lure,0
subj03,16,1,word,lure,0
subj03,17,1,word,lure,1
subj03,18,1,word,lure,1
subj03,19,1,word,lure,1
subj03,20,1,word,lure,0
subj03,21,1,picture,target,1
subj03,22,1,picture,target,1
subj03,23,1,picture,target,1
subj03,24,1,picture,target,0
subj03,25,1,picture,target,1
subj03,26,1,picture,target,1
subj03,27,1,picture,target,0
subj03,28,1,picture,target,1
subj03,29,1,picture,target,0
subj03,30,1,picture,target,0
subj03,31,1,picture,lure,1
subj03,32,1,picture,lure,0
subj03,33,1,picture,lure,1
subj03,34,1,picture,lure,0
subj03,35,1,picture,lure,0
subj03,36,1,picture,lure,1
subj03,37,1,picture,lure,0
subj03,38,1,picture,lure,0
subj03,39,1,picture,lure,0
subj03,40,1,picture,lure,1
subj03,41,2,word,target,0
subj03,42,2,word,target,0
subj03,43,2,word,target,0
subj03,44,2,word,target,1
subj03,45,2,word,target,1
subj03,46,2,word,target,0
subj03,47,2,word,target,1
subj03,48,2,word,target,0
subj03,49,2,word,target,0
subj03,50,2,word,target,1
subj03,51,2,word,lure,0
subj03,52,2,word,lure,0
subj03,53,2,word,lure,1
subj03,54,2,word,lure,1
subj03,55,2,word,lure,0
subj03,56,2,word,lure,0
subj03,57,2,word,lure,0
subj03,58,2,word,lure,0
subj03,59,2,word,lure,1
subj03,60,2,word,lure,1
subj03,61,2,picture,target,0
subj03,62,2,picture,target,1
subj03,63,2,picture,target,0
subj03,64,2,picture,target,0
subj03,65,2,picture,target,1
subj03,66,2,picture,target,1
subj03,67,2,picture,target,1
subj03,68,2,picture,target,0
subj03,69,2,picture,target,0
subj03,70,2,picture,target,1
subj03,71,2,picture,lure,0
subj03,72,2,picture,lure,0
subj03,73,2,picture,lure,0
subj03,74,2,picture,lure,0
subj03,75,2,picture,lure,0
subj03,76,2,picture,lure,0
subj03,77,2,picture,lure,0
subj03,78,2,picture,lure,0
subj03,79,2,picture,lure,0
subj03,80,2,picture,lure,0
subj03,81,4,word,target,1
subj03,82,4,word,target,1
subj03,83,4,word,target,1
subj03,84,4,word,target,0
subj03,85,4,word,target,0
subj03,86,4,word,target,1
subj03,87,4,word,target,1
subj03,88,4,word,target,1
subj03,89,4,word,target,0
subj03,90,4,word,target,1
subj03,91,4,word,lure,0
subj03,92,4,word,lure,0
subj03,93,4,word,lure,1
subj03,94,4,word,lure,0
subj03,95,4,word,lure,0
subj03,96,4,word,lure,0
subj03,97,4,word,lure,1
subj03,98,4,word,lure,0
subj03,99,4,word,lure,0
subj03,100,4,word,lure,0
subj03,101,4,picture,target,1
subj03,102,4,picture,target,0
subj03,103,4,picture,target,1
subj03,104,4,picture,target,0
subj03,105,4,picture,target,0
subj03,106,4,picture,target,1
subj03,107,4,picture,target,1
subj03,108,4,picture,target,1
subj03,109,4,picture,target,1
subj03,110,4,picture,target,1
subj03,111,4,picture,lure,0
subj03,112,4,picture,lure,1
subj03,113,4,picture,lure,0
subj03,114,4,picture,lure,0
subj03,115,4,picture,lure,0
subj03,116,4,picture,lure,0
subj03,117,4,picture,lure,1
subj03,118,4,picture,lure,1
subj03,119,4,picture,lure,0
subj03,120,4,picture,lure,1
subj04,1,1,word,target,1
subj04,2,1,word,target,1
subj04,3,1,word,target,0
subj04,4,1,word,target,1
subj04,5,1,word,target,1
subj04,6,1,word,target,0
subj04,7,1,word,target,0
subj04,8,1,word,target,0
subj04,9,1,word,target,1
subj04,10,1,word,target,1
subj04,11,1,word,lure,1
subj04,12,1,word,lure,0
subj04,13,1,word,lure,0
subj04,14,1,word,lure,1
subj04,15,1,word,lure,1
subj04,16,1,word,lure,1
subj04,17,1,word,lure,1
subj04,18,1,word,lure,1
subj04,19,1,word,lure,0
subj04,20,1,word,lure,1
subj04,21,1,picture,target,0
subj04,22,1,picture,target,1
subj04,23,1,picture,target,0
subj04,24,1,picture,target,1
subj04,25,1,picture,target,1
subj04,26,1,picture,target,1
subj04,27,1,picture,target,1
subj04,28,1,picture,target,0
subj04,29,1,picture,target,0
subj04,30,1,picture,target,1
subj04,31,1,picture,lure,1
subj04,32,1,picture,lure,1
subj04,33,1,picture,lure,1
subj04,34,1,picture,lure,0
subj04,35,1,picture,lure,0
subj04,36,1,picture,lure,1
subj04,37,1,picture,lure,0
subj04,38,1,picture,lure,0
subj04,39,1,picture,lure,1
subj04,40,1,picture,lure,1
subj04,41,2,word,target,0
subj04,42,2,word,target,1
subj04,43,2,word,target,1
subj04,44,2,word,target,1
subj04,45,2,word,target,0
subj04,46,2,word,target,1
subj04,47,2,word,target,1
subj04,48,2,word,target,0
subj04,49,2,word,target,0
subj04,50,2,word,target,1
subj04,51,2,word,lure,1
subj04,52,2,word,lure,0
subj04,53,2,word,lure,0
subj04,54,2,word,lure,0
subj04,55,2,word,lure,1
subj04,56,2,word,lure,1
subj04,57,2,word,lure,1
subj04,58,2,word,lure,1
subj04,59,2,word,lure,0
subj04,60,2,word,lure,0
subj04,61,2,picture,target,0
subj04,62,2,picture,target,1
subj04,63,2,picture,target,1
subj04,64,2,picture,target,1
subj04,65,2,picture,target,1
subj04,66,2,picture,target,0
subj04,67,2,picture,target,1
subj04,68,2,picture,target,0
subj04,69,2,picture,target,1
subj04,70,2,picture,target,1
subj04,71,2,picture,lure,0
subj04,72,2,picture,lure,1
subj04,73,2,picture,lure,1
subj04,74,2,picture,lure,0
subj04,75,2,picture,lure,0
subj04,76,2,picture,lure,0
subj04,77,2,picture,lure,1
subj04,78,2,picture,lure,0
subj04,79,2,picture,lure,1
subj04,80,2,picture,lure,1
subj04,81,4,word,target,1
subj04,82,4,word,target,1
subj04,83,4,word,target,1
subj04,84,4,word,target,1
subj04,85,4,word,target,1
subj04,86,4,word,target,1
subj04,87,4,word,target,0
subj04,88,4,word,target,1
subj04,89,4,word,target,1
subj04,90,4,word,target,0
subj04,91,4,word,lure,1
subj04,92,4,word,lure,1
subj04,93,4,word,lure,0
subj04,94,4,word,lure,0
subj04,95,4,word,lure,1
subj04,96,4,word,lure,0
subj04,97,4,word,lure,0
subj04,98,4,word,lure,0
subj04,99,4,word,lure,0
subj04,100,4,word,lure,1
subj04,101,4,picture,target,1
subj04,102,4,picture,target,0
subj04,103,4,picture,target,1
subj04,104,4,picture,target,1
subj04,105,4,picture,target,1
subj04,106,4,picture,target,1
subj04,107,4,picture,target,1
subj04,108,4,picture,target,1
subj04,109,4,picture,target,1
subj04,110,4,picture,target,1
subj04,111,4,picture,lure,0
subj04,112,4,picture,lure,0
subj04,113,4,picture,lure,0
subj04,114,4,picture,lure,0
subj04,115,4,picture,lure,1
subj04,116,4,picture,lure,0
subj04,117,4,picture,lure,1
subj04,118,4,picture,lure,0
subj04,119,4,picture,lure,1
subj04,120,4,picture,lure,0
subj05,1,1,word,target,0
subj05,2,1,word,target,1
subj05,3,1,word,target,1
subj05,4,1,word,target,1
subj05,5,1,word,target,1
subj05,6,1,word,target,0
subj05,7,1,word,target,1
subj05,8,1,word,target,1
subj05,9,1,word,target,1
subj05,10,1,word,target,0
subj05,11,1,word,lure,0
subj05,12,1,word,lure,1
subj05,13,1,word,lure,1
subj05,14,1,word,lure,0
subj05,15,1,word,lure,0
subj05,16,1,word,lure,0
subj05,17,1,word,lure,0
subj05,18,1,word,lure,1
subj05,19,1,word,lure,0
subj05,20,1,word,lure,1
subj05,21,1,picture,target,1
subj05,22,1,picture,target,1
subj05,23,1,picture,target,1
subj05,24,1,picture,target,0
subj05,25,1,picture,target,1
subj05,26,1,picture,target,1
subj05,27,1,picture,target,0
subj05,28,1,picture,target,1
subj05,29,1,picture,target,1
subj05,30,1,picture,target,1
subj05,31,1,picture,lure,1
subj05,32,1,picture,lure,0
subj05,33,1,picture,lure,0
subj05,34,1,picture,lure,0
subj05,35,1,picture,lure,1
subj05,36,1,picture,lure,0
subj05,37,1,picture,lure,1
subj05,38,1,picture,lure,0
subj05,39,1,picture,lure,0
subj05,40,1,picture,lure,0
subj05,41,2,word,target,1
subj05,42,2,word,target,1
subj05,43,2,word,target,1
subj05,44,2,word,target,0
subj05,45,2,word,target,1
subj05,46,2,word,target,1
subj05,47,2,word,target,0
subj05,48,2,word,target,1
subj05,49,2,word,target,1
subj05,50,2,word,target,0
subj05,51,2,word,lure,0
subj05,52,2,word,lure,0
subj05,53,2,word,lure,1
subj05,54,2,word,lure,1
subj05,55,2,word,lure,1
subj05,56,2,word,lure,0
subj05,57,2,word,lure,1
subj05,58,2,word,lure,0
subj05,59,2,word,lure,0
subj05,60,2,word,lure,0
subj05,61,2,picture,target,1
subj05,62,2,picture,target,1
subj05,63,2,picture,target,1
subj05,64,2,picture,target,1
subj05,65,2,picture,target,1
subj05,66,2,picture,target,1
subj05,67,2,picture,target,1
subj05,68,2,picture,target,1
subj05,69,2,picture,target,1
subj05,70,2,picture,target,1
subj05,71,2,picture,lure,1
subj05,72,2,picture,lure,0
subj05,73,2,picture,lure,1
subj05,74,2,picture,lure,0
subj05,75,2,picture,lure,0
subj05,76,2,picture,lure,0
subj05,77,2,picture,lure,0
subj05,78,2,picture,lure,1
subj05,79,2,picture,lure,0
subj05,80,2,picture,lure,0
subj05,81,4,word,target,1
subj05,82,4,word,target,1
subj05,83,4,word,target,1
subj05,84,4,word,target,1
subj05,85,4,word,target,1
subj05,86,4,word,target,1
subj05,87,4,word,target,0
subj05,88,4,word,target,1
subj05,89,4,word,target,1
subj05,90,4,word,target,0
subj05,91,4,word,lure,1
subj05,92,4,word,lure,1
subj05,93,4,word,lure,0
subj05,94,4,word,lure,1
subj05,95,4,word,lure,1
subj05,96,4,word,lure,0
subj05,97,4,word,lure,1
subj05,98,4,word,lure,0
subj05,99,4,word,lure,0
subj05,100,4,word,lure,1
subj05,101,4,picture,target,1
subj05,102,4,picture,target,1
subj05,103,4,picture,target,1
subj05,104,4,picture,target,0
subj05,105,4,picture,target,1
subj05,106,4,picture,target,0
subj05,107,4,picture,target,1
subj05,108,4,picture,target,1
subj05,109,4,picture,target,1
subj05,110,4,picture,target,0
subj05,111,4,picture,lure,0
subj05,112,4,picture,lure,0
subj05,113,4,picture,lure,1
subj05,114,4,picture,lure,0
subj05,115,4,picture,lure,1
subj05,116,4,picture,lure,0
subj05,117,4,picture,lure,0
subj05,118,4,picture,lure,0
subj05,119,4,picture,lure,0
subj05,120,4,picture,lure,0
subj06,1,1,word,target,1
subj06,2,1,word,target,0
subj06,3,1,word,target,0
subj06,4,1,word,target,1
subj06,5,1,word,target,1
subj06,6,1,word,target,1
subj06,7,1,word,target,1
subj06,8,1,word,target,0
subj06,9,1,word,target,1
subj06,10,1,word,target,1
subj06,11,1,word,lure,0
subj06,12,1,word,lure,1
subj06,13,1,word,lure,1
subj06,14,1,word,lure,0
subj06,15,1,word,lure,0
subj06,16,1,word,lure,0
subj06,17,1,word,lure,1
subj06,18,1,word,lure,1
subj06,19,1,word,lure,1
subj06,20,1,word,lure,0
subj06,21,1,picture,target,0
subj06,22,1,picture,target,1
subj06,23,1,picture,target,1
subj06,24,1,picture,target,1
subj06,25,1,picture,target,0
subj06,26,1,picture,target,1
subj06,27,1,picture,target,0
subj06,28,1,picture,target,1
subj06,29,1,picture,target,0
subj06,30,1,picture,target,0
subj06,31,1,picture,lure,0
subj06,32,1,picture,lure,0
subj06,33,1,picture,lure,0
subj06,34,1,picture,lure,1
subj06,35,1,picture,lure,1
subj06,36,1,picture,lure,1
subj06,37,1,picture,lure,1
subj06,38,1,picture,lure,1
subj06,39,1,picture,lure,1
subj06,40,1,picture,lure,1
subj06,41,2,word,target,0
subj06,42,2,word,target,0
subj06,43,2,word,target,0
subj06,44,2,word,target,1
subj06,45,2,word,target,1
subj06,46,2,word,target,0
subj06,47,2,word,target,1
subj06,48,2,word,target,0
subj06,49,2,word,target,1
subj06,50,2,word,target,1
subj06,51,2,word,lure,0
subj06,52,2,word,lure,0
subj06,53,2,word,lure,0
subj06,54,2,word,lure,0
subj06,55,2,word,lure,0
subj06,56,2,word,lure,0
subj06,57,2,word,lure,0
subj06,58,2,word,lure,0
subj06,59,2,word,lure,0
subj06,60,2,word,lure,1
subj06,61,2,picture,target,0
subj06,62,2,picture,target,0
subj06,63,2,picture,target,1
subj06,64,2,picture,target,1
subj06,65,2,picture,target,0
subj06,66,2,picture,target,1
subj06,67,2,picture,target,0
subj06,68,2,picture,target,1
subj06,69,2,picture,target,0
subj06,70,2,picture,target,0
subj06,71,2,picture,lure,1
subj06,72,2,picture,lure,1
subj06,73,2,picture,lure,0
subj06,74,2,picture,lure,0
subj06,75,2,picture,lure,0
subj06,76,2,picture,lure,0
subj06,77,2,picture,lure,1
subj06,78,2,picture,lure,0
subj06,79,2,picture,lure,0
subj06,80,2,picture,lure,0
subj06,81,4,word,target,1
subj06,82,4,word,target,0
subj06,83,4,word,target,1
subj06,84,4,word,target,1
subj06,85,4,word,target,1
subj06,86,4,word,target,1
subj06,87,4,word,target,0
subj06,88,4,word,target,1
subj06,89,4,word,target,1
subj06,90,4,word,target,1
subj06,91,4,word,lure,0
subj06,92,4,word,lure,1
subj06,93,4,word,lure,1
subj06,94,4,word,lure,0
subj06,95,4,word,lure,0
subj06,96,4,word,lure,1
subj06,97,4,word,lure,1
subj06,98,4,word,lure,0
subj06,99,4,word,lure,0
subj06,100,4,word,lure,1
subj06,101,4,picture,target,0
subj06,102,4,picture,target,0
subj06,103,4,picture,target,0
subj06,104,4,picture,target,0
subj06,105,4,picture,target,1
subj06,106,4,picture,target,0
subj06,107,4,picture,target,0
subj06,108,4,picture,target,0
subj06,109,4,picture,target,1
subj06,110,4,picture,target,0
subj06,111,4,picture,lure,1
subj06,112,4,picture,lure,0
subj06,113,4,picture,lure,0
subj06,114,4,picture,lure,0
subj06,115,4,picture,lure,0
subj06,116,4,picture,lure,0
subj06,117,4,picture,lure,1
subj06,118,4,picture,lure,0
subj06,119,4,picture,lure,0
subj06,120,4,picture,lure,0
subj07,1,1,word,target,1
subj07,2,1,word,target,0
subj07,3,1,word,target,0
subj07,4,1,word,target,1
subj07,5,1,word,target,0
subj07,6,1,word,target,1
subj07,7,1,word,target,0
subj07,8,1,word,target,0
subj07,9,1,word,target,0
subj07,10,1,word,target,1
subj07,11,1,word,lure,1
subj07,12,1,word,lure,1
subj07,13,1,word,lure,1
subj07,14,1,word,lure,0
subj07,15,1,word,lure,1
subj07,16,1,word,lure,0
subj07,17,1,word,lure,1
subj07,18,1,word,lure,0
subj07,19,1,word,lure,0
subj07,20,1,word,lure,0
subj07,21,1,picture,target,0
subj07,22,1,picture,target,0
subj07,23,1,picture,target,1
subj07,24,1,picture,target,0
subj07,25,1,picture,target,1
subj07,26,1,picture,target,1
subj07,27,1,picture,target,0
subj07,28,1,picture,target,1
subj07,29,1,picture,target,0
subj07,30,1,picture,target,1
subj07,31,1,picture,lure,1
subj07,32,1,picture,lure,0
subj07,33,1,picture,lure,0
subj07,34,1,picture,lure,1
subj07,35,1,picture,lure,0
subj07,36,1,picture,lure,0
subj07,37,1,picture,lure,0
subj07,38,1,picture,lure,0
subj07,39,1,picture,lure,0
subj07,40,1,picture,lure,1
subj07,41,2,word,target,1
subj07,42,2,word,target,0
subj07,43,2,word,target,0
subj07,44,2,word,target,1
subj07,45,2,word,target,0
subj07,46,2,word,target,0
subj07,47,2,word,target,1
subj07,48,2,word,target,0
subj07,49,2,word,target,1
subj07,50,2,word,target,0
subj07,51,2,word,lure,0
subj07,52,2,word,lure,0
subj07,53,2,word,lure,1
subj07,54,2,word,lure,1
subj07,55,2,word,lure,0
subj07,56,2,word,lure,1
subj07,57,2,word,lure,0
subj07,58,2,word,lure,1
subj07,59,2,word,lure,1
subj07,60,2,word,lure,0
subj07,61,2,picture,target,0
subj07,62,2,picture,target,1
subj07,63,2,picture,target,1
subj07,64,2,picture,target,0
subj07,65,2,picture,target,1
subj07,66,2,picture,target,0
subj07,67,2,picture,target,1
subj07,68,2,picture,target,1
subj07,69,2,picture,target,0
subj07,70,2,picture,target,1
subj07,71,2,picture,lure,0
subj07,72,2,picture,lure,0
subj07,73,2,picture,lure,1
subj07,74,2,picture,lure,1
subj07,75,2,picture,lure,0
subj07,76,2,picture,lure,0
subj07,77,2,picture,lure,0
subj07,78,2,picture,lure,1
subj07,79,2,picture,lure,0
subj07,80,2,picture,lure,0
subj07,81,4,word,target,1
subj07,82,4,word,target,0
subj07,83,4,word,target,1
subj07,84,4,word,target,0
subj07,85,4,word,target,1
subj07,86,4,word,target,1
subj07,87,4,word,target,0
subj07,88,4,word,target,1
subj07,89,4,word,target,1
subj07,90,4,word,target,0
subj07,91,4,word,lure,0
subj07,92,4,word,lure,0
subj07,93,4,word,lure,1
subj07,94,4,word,lure,0
subj07,95,4,word,lure,0
subj07,96,4,word,lure,0
subj07,97,4,word,lure,1
subj07,98,4,word,lure,0
subj07,99,4,word,lure,1
subj07,100,4,word,lure,0
subj07,101,4,picture,target,1
subj07,102,4,picture,target,0
subj07,103,4,picture,target,0
subj07,104,4,picture,target,0
subj07,105,4,picture,target,0
subj07,106,4,picture,target,1
subj07,107,4,picture,target,1
subj07,108,4,picture,target,0
subj07,109,4,picture,target,1
subj07,110,4,picture,target,1
subj07,111,4,picture,lure,0
subj07,112,4,picture,lure,0
subj07,113,4,picture,lure,0
subj07,114,4,picture,lure,0
subj07,115,4,picture,lure,0
subj07,116,4,picture,lure,1
subj07,117,4,picture,lure,1
subj07,118,4,picture,lure,0
subj07,119,4,picture,lure,1
subj07,120,4,picture,lure,0
subj08,1,1,word,target,1
subj08,2,1,word,target,0
subj08,3,1,word,target,1
subj08,4,1,word,target,0
subj08,5,1,word,target,1
subj08,6,1,word,target,0
subj08,7,1,word,target,1
subj08,8,1,word,target,1
subj08,9,1,word,target,1
subj08,10,1,word,target,1
subj08,11,1,word,lure,1
subj08,12,1,word,lure,0
subj08,13,1,word,lure,0
subj08,14,1,word,lure,1
subj08,15,1,word,lure,0
subj08,16,1,word,lure,0
subj08,17,1,word,lure,1
subj08,18,1,word,lure,1
subj08,19,1,word,lure,1
subj08,20,1,word,lure,1
subj08,21,1,picture,target,0
subj08,22,1,picture,target,0
subj08,23,1,picture,target,1
subj08,24,1,picture,target,0
subj08,25,1,picture,target,1
subj08,26,1,picture,target,1
subj08,27,1,picture,target,1
subj08,28,1,picture,target,1
subj08,29,1,picture,target,1
subj08,30,1,picture,target,1
subj08,31,1,picture,lure,0
subj08,32,1,picture,lure,1
subj08,33,1,picture,lure,0
subj08,34,1,picture,lure,0
subj08,35,1,picture,lure,1
subj08,36,1,picture,lure,0
subj08,37,1,picture,lure,1
subj08,38,1,picture,lure,0
subj08,39,1,picture,lure,0
subj08,40,1,picture,lure,1
subj08,41,2,word,target,1
subj08,42,2,word,target,1
subj08,43,2,word,target,1
subj08,44,2,word,target,1
subj08,45,2,word,target,1
subj08,46,2,word,target,1
subj08,47,2,word,target,1
subj08,48,2,word,target,1
subj08,49,2,word,target,0
subj08,50,2,word,target,0
subj08,51,2,word,lure,1
subj08,52,2,word,lure,1
subj08,53,2,word,lure,1
subj08,54,2,word,lure,1
subj08,55,2,word,lure,1
subj08,56,2,word,lure,1
subj08,57,2,word,lure,1
subj08,58,2,word,lure,0
subj08,59,2,word,lure,0
subj08,60,2,word,lure,0
subj08,61,2,picture,target,1
subj08,62,2,picture,target,0
subj08,63,2,picture,target,0
subj08,64,2,picture,target,0
subj08,65,2,picture,target,1
subj08,66,2,picture,target,0
subj08,67,2,picture,target,1
subj08,68,2,picture,target,0
subj08,69,2,picture,target,1
subj08,70,2,picture,target,0
subj08,71,2,picture,lure,1
subj08,72,2,picture,lure,0
subj08,73,2,picture,lure,1
subj08,74,2,picture,lure,0
subj08,75,2,picture,lure,0
subj08,76,2,picture,lure,0
subj08,77,2,picture,lure,0
subj08,78,2,picture,lure,1
subj08,79,2,picture,lure,1
subj08,80,2,picture,lure,0
subj08,81,4,word,target,0
subj08,82,4,word,target,1
subj08,83,4,word,target,0
subj08,84,4,word,target,1
subj08,85,4,word,target,1
subj08,86,4,word,target,0
subj08,87,4,word,target,1
subj08,88,4,word,target,1
subj08,89,4,word,target,1
subj08,90,4,word,target,1
subj08,91,4,word,lure,1
subj08,92,4,word,lure,0
subj08,93,4,word,lure,1
subj08,94,4,word,lure,0
subj08,95,4,word,lure,0
subj08,96,4,word,lure,1
subj08,97,4,word,lure,0
subj08,98,4,word,lure,0
subj08,99,4,word,lure,0
subj08,100,4,word,lure,1
subj08,101,4,picture,target,1
subj08,102,4,picture,target,1
subj08,103,4,picture,target,1
subj08,104,4,picture,target,1
subj08,105,4,picture,target,1
subj08,106,4,picture,target,1
subj08,107,4,picture,target,1
subj08,108,4,picture,target,1
subj08,109,4,picture,target,0
subj08,110,4,picture,target,0
subj08,111,4,picture,lure,1
subj08,112,4,picture,lure,0
subj08,113,4,picture,lure,1
subj08,114,4,picture,lure,1
subj08,115,4,picture,lure,0
subj08,116,4,picture,lure,0
subj08,117,4,picture,lure,1
subj08,118,4,picture,lure,0
subj08,119,4,picture,lure,1
subj08,120,4,picture,lure,0
subj09,1,1,word,target,1
subj09,2,1,word,target,0
subj09,3,1,word,target,1
subj09,4,1,word,target,1
subj09,5,1,word,target,1
subj09,6,1,word,target,1
subj09,7,1,word,target,0
subj09,8,1,word,target,1
subj09,9,1,word,target,1
subj09,10,1,word,target,0
subj09,11,1,word,lure,1
subj09,12,1,word,lure,1
subj09,13,1,word,lure,1
subj09,14,1,word,lure,0
subj09,15,1,word,lure,0
subj09,16,1,word,lure,1
subj09,17,1,word,lure,1
subj09,18,1,word,lure,1
subj09,19,1,word,lure,0
subj09,20,1,word,lure,1
subj09,21,1,picture,target,1
subj09,22,1,picture,target,0
subj09,23,1,picture,target,0
subj09,24,1,picture,target,0
subj09,25,1,picture,target,1
subj09,26,1,picture,target,1
subj09,27,1,picture,target,1
subj09,28,1,picture,target,1
subj09,29,1,picture,target,0
subj09,30,1,picture,target,1
subj09,31,1,picture,lure,0
subj09,32,1,picture,lure,1
subj09,33,1,picture,lure,0
subj09,34,1,picture,lure,1
subj09,35,1,picture,lure,0
subj09,36,1,picture,lure,0
subj09,37,1,picture,lure,0
subj09,38,1,picture,lure,1
subj09,39,1,picture,lure,0
subj09,40,1,picture,lure,0
subj09,41,2,word,target,1
subj09,42,2,word,target,1
subj09,43,2,word,target,1
subj09,44,2,word,target,1
subj09,45,2,word,target,0
subj09,46,2,word,target,1
subj09,47,2,word,target,1
subj09,48,2,word,target,1
subj09,49,2,word,target,0
subj09,50,2,word,target,1
subj09,51,2,word,lure,1
subj09,52,2,word,lure,1
subj09,53,2,word,lure,0
subj09,54,2,word,lure,1
subj09,55,2,word,lure,1
subj09,56,2,word,lure,1
subj09,57,2,word,lure,0
subj09,58,2,word,lure,0
subj09,59,2,word,lure,1
subj09,60,2,word,lure,0
subj09,61,2,picture,target,0
subj09,62,2,picture,target,1
subj09,63,2,picture,target,1
subj09,64,2,picture,target,0
subj09,65,2,picture,target,0
subj09,66,2,picture,target,0
subj09,67,2,picture,target,0
subj09,68,2,picture,target,1
subj09,69,2,picture,target,1
subj09,70,2,picture,target,0
subj09,71,2,picture,lure,0
subj09,72,2,picture,lure,0
subj09,73,2,picture,lure,1
subj09,74,2,picture,lure,0
subj09,75,2,picture,lure,1
subj09,76,2,picture,lure,0
subj09,77,2,picture,lure,0
subj09,78,2,picture,lure,1
subj09,79,2,picture,lure,1
subj09,80,2,picture,lure,0
subj09,81,4,word,target,1
subj09,82,4,word,target,1
subj09,83,4,word,target,0
subj09,84,4,word,target,1
subj09,85,4,word,target,1
subj09,86,4,word,target,0
subj09,87,4,word,target,0
subj09,88,4,word,target,1
subj09,89,4,word,target,1
subj09,90,4,word,target,0
subj09,91,4,word,lure,0
subj09,92,4,word,lure,0
subj09,93,4,word,lure,0
subj09,94,4,word,lure,0
subj09,95,4,word,lure,0
subj09,96,4,word,lure,1
subj09,97,4,word,lure,0
subj09,98,4,word,lure,0
subj09,99,4,word,lure,0
subj09,100,4,word,lure,0
subj09,101,4,picture,target,0
subj09,102,4,picture,target,0
subj09,103,4,picture,target,1
subj09,104,4,picture,target,0
subj09,105,4,picture,target,0
subj09,106,4,picture,target,1
subj09,107,4,picture,target,0
subj09,108,4,picture,target,0
subj09,109,4,picture,target,1
subj09,110,4,picture,target,0
subj09,111,4,picture,lure,0
subj09,112,4,picture,lure,0
subj09,113,4,picture,lure,0
subj09,114,4,picture,lure,0
subj09,115,4,picture,lure,0
subj09,116,4,picture,lure,0
subj09,117,4,picture,lure,1
subj09,118,4,picture,lure,1
subj09,119,4,picture,lure,0
subj09,120,4,picture,lure,0
subj10,1,1,word,target,1
subj10,2,1,word,target,1
subj10,3,1,word,target,1
subj10,4,1,word,target,1
subj10,5,1,word,target,0
subj10,6,1,word,target,0
subj10,7,1,word,target,1
subj10,8,1,word,target,1
subj10,9,1,word,target,0
subj10,10,1,word,target,1
subj10,11,1,word,lure,0
subj10,12,1,word,lure,1
subj10,13,1,word,lure,1
subj10,14,1,word,lure,1
subj10,15,1,word,lure,1
subj10,16,1,word,lure,1
subj10,17,1,word,lure,0
subj10,18,1,word,lure,0
subj10,19,1,word,lure,0
subj10,20,1,word,lure,0
subj10,21,1,picture,target,0
subj10,22,1,picture,target,0
subj10,23,1,picture,target,0
subj10,24,1,picture,target,0
subj10,25,1,picture,target,1
subj10,26,1,picture,target,0
subj10,27,1,picture,target,1
subj10,28,1,picture,target,1
subj10,29,1,picture,target,0
subj10,30,1,picture,target,1
subj10,31,1,picture,lure,0
subj10,32,1,picture,lure,1
subj10,33,1,picture,lure,0
subj10,34,1,picture,lure,0
subj10,35,1,picture,lure,1
subj10,36,1,picture,lure,0
subj10,37,1,picture,lure,1
subj10,38,1,picture,lure,0
subj10,39,1,picture,lure,0
subj10,40,1,picture,lure,0
subj10,41,2,word,target,1
subj10,42,2,word,target,1
subj10,43,2,word,target,0
subj10,44,2,word,target,0
subj10,45,2,word,target,1
subj10,46,2,word,target,1
subj10,47,2,word,target,0
subj10,48,2,word,target,1
subj10,49,2,word,target,0
subj10,50,2,word,target,0
subj10,51,2,word,lure,1
subj10,52,2,word,lure,1
subj10,53,2,word,lure,1
subj10,54,2,word,lure,1
subj10,55,2,word,lure,0
subj10,56,2,word,lure,0
subj10,57,2,word,lure,0
subj10,58,2,word,lure,1
subj10,59,2,word,lure,0
subj10,60,2,word,lure,1
subj10,61,2,picture,target,1
subj10,62,2,picture,target,0
subj10,63,2,picture,target,1
subj10,64,2,picture,target,0
subj10,65,2,picture,target,1
subj10,66,2,picture,target,0
subj10,67,2,picture,target,0
subj10,68,2,picture,target,0
subj10,69,2,picture,target,0
subj10,70,2,picture,target,1
subj10,71,2,picture,lure,0
subj10,72,2,picture,lure,0
subj10,73,2,picture,lure,1
subj10,74,2,picture,lure,0
subj10,75,2,picture,lure,0
subj10,76,2,picture,lure,0
subj10,77,2,picture,lure,0
subj10,78,2,picture,lure,0
subj10,79,2,picture,lure,0
subj10,80,2,picture,lure,1
subj10,81,4,word,target,0
subj10,82,4,word,target,1
subj10,83,4,word,target,0
subj10,84,4,word,target,1
subj10,85,4,word,target,0
subj10,86,4,word,target,0
subj10,87,4,word,target,1
subj10,88,4,word,target,0
subj10,89,4,word,target,1
subj10,90,4,word,target,1
subj10,91,4,word,lure,1
subj10,92,4,word,lure,0
subj10,93,4,word,lure,1
subj10,94,4,word,lure,1
subj10,95,4,word,lure,0
subj10,96,4,word,lure,1
subj10,97,4,word,lure,0
subj10,98,4,word,lure,1
subj10,99,4,word,lure,0
subj10,100,4,word,lure,0
subj10,101,4,picture,target,1
subj10,102,4,picture,target,1
subj10,103,4,picture,target,0
subj10,104,4,picture,target,1
subj10,105,4,picture,target,0
subj10,106,4,picture,target,1
subj10,107,4,picture,target,0
subj10,108,4,picture,target,1
subj10,109,4,picture,target,1
subj10,110,4,picture,target,1
subj10,111,4,picture,lure,0
subj10,112,4,picture,lure,0
subj10,113,4,picture,lure,0
subj10,114,4,picture,lure,0
subj10,115,4,picture,lure,1
subj10,116,4,picture,lure,0
subj10,117,4,picture,lure,0
subj10,118,4,picture,lure,1
subj10,119,4,picture,lure,1
subj10,120,4,picture,lure,0
subj11,1,1,word,target,1
subj11,2,1,word,target,1
subj11,3,1,word,target,1
subj11,4,1,word,target,0
subj11,5,1,word,target,0
subj11,6,1,word,target,1
subj11,7,1,word,target,0
subj11,8,1,word,target,1
subj11,9,1,word,target,0
subj11,10,1,word,target,1
subj11,11,1,word,lure,0
subj11,12,1,word,lure,1
subj11,13,1,word,lure,0
subj11,14,1,word,lure,0
subj11,15,1,word,lure,1
subj11,16,1,word,lure,0
subj11,17,1,word,lure,0
subj11,18,1,word,lure,0
subj11,19,1,word,lure,0
subj11,20,1,word,lure,0
subj11,21,1,picture,target,1
subj11,22,1,picture,target,1
subj11,23,1,picture,target,0
subj11,24,1,picture,target,0
subj11,25,1,picture,target,1
subj11,26,1,picture,target,1
subj11,27,1,picture,target,0
subj11,28,1,picture,target,0
subj11,29,1,picture,target,0
subj11,30,1,picture,target,0
subj11,31,1,picture,lure,1
subj11,32,1,picture,lure,1
subj11,33,1,picture,lure,1
subj11,34,1,picture,lure,1
subj11,35,1,picture,lure,0
subj11,36,1,picture,lure,1
subj11,37,1,picture,lure,0
subj11,38,1,picture,lure,1
subj11,39,1,picture,lure,1
subj11,40,1,picture,lure,0
subj11,41,2,word,target,1
subj11,42,2,word,target,0
subj11,43,2,word,target,1
subj11,44,2,word,target,0
subj11,45,2,word,target,1
subj11,46,2,word,target,1
subj11,47,2,word,target,0
subj11,48,2,word,target,0
subj11,49,2,word,target,1
subj11,50,2,word,target,0
subj11,51,2,word,lure,0
subj11,52,2,word,lure,1
subj11,53,2,word,lure,1
subj11,54,2,word,lure,0
subj11,55,2,word,lure,1
subj11,56,2,word,lure,1
subj11,57,2,word,lure,1
subj11,58,2,word,lure,1
subj11,59,2,word,lure,0
subj11,60,2,word,lure,1
subj11,61,2,picture,target,0
subj11,62,2,picture,target,1
subj11,63,2,picture,target,0
subj11,64,2,picture,target,0
subj11,65,2,picture,target,1
subj11,66,2,picture,target,1
subj11,67,2,picture,target,1
subj11,68,2,picture,target,0
subj11,69,2,picture,target,1
subj11,70,2,picture,target,1
subj11,71,2,picture,lure,0
subj11,72,2,picture,lure,1
subj11,73,2,picture,lure,0
subj11,74,2,picture,lure,0
subj11,75,2,picture,lure,0
subj11,76,2,picture,lure,1
subj11,77,2,picture,lure,1
subj11,78,2,picture,lure,0
subj11,79,2,picture,lure,0
subj11,80,2,picture,lure,0
subj11,81,4,word,target,0
subj11,82,4,word,target,1
subj11,83,4,word,target,0
subj11,84,4,word,target,1
subj11,85,4,word,target,1
subj11,86,4,word,target,1
subj11,87,4,word,target,1
subj11,88,4,word,target,0
subj11,89,4,word,target,0
subj11,90,4,word,target,1
subj11,91,4,word,lure,0
subj11,92,4,word,lure,0
subj11,93,4,word,lure,1
subj11,94,4,word,lure,1
subj11,95,4,word,lure,0
subj11,96,4,word,lure,0
subj11,97,4,word,lure,0
subj11,98,4,word,lure,0
subj11,99,4,word,lure,0
subj11,100,4,word,lure,0
subj11,101,4,picture,target,1
subj11,102,4,picture,target,1
subj11,103,4,picture,target,1
subj11,104,4,picture,target,0
subj11,105,4,picture,target,0
subj11,106,4,picture,target,1
subj11,107,4,picture,target,1
subj11,108,4,picture,target,1
subj11,109,4,picture,target,1
subj11,110,4,picture,target,0
subj11,111,4,picture,lure,0
subj11,112,4,picture,lure,0
subj11,113,4,picture,lure,1
subj11,114,4,picture,lure,1
subj11,115,4,picture,lure,1
subj11,116,4,picture,lure,0
subj11,117,4,picture,lure,0
subj11,118,4,picture,lure,0
subj11,119,4,picture,lure,0
subj11,120,4,picture,lure,0
subj12,1,1,word,target,0
subj12,2,1,word,target,1
subj12,3,1,word,target,1
subj12,4,1,word,target,0
subj12,5,1,word,target,0
subj12,6,1,word,target,0
subj12,7,1,word,target,0
subj12,8,1,word,target,1
subj12,9,1,word,target,1
subj12,10,1,word,target,0
subj12,11,1,word,lure,0
subj12,12,1,word,lure,0
subj12,13,1,word,lure,0
subj12,14,1,word,lure,0
subj12,15,1,word,lure,0
subj12,16,1,word,lure,0
subj12,17,1,word,lure,0
subj12,18,1,word,lure,1
subj12,19,1,word,lure,0
subj12,20,1,word,lure,0
subj12,21,1,picture,target,1
subj12,22,1,picture,target,1
subj12,23,1,picture,target,0
subj12,24,1,picture,target,0
subj12,25,1,picture,target,0
subj12,26,1,picture,target,1
subj12,27,1,picture,target,0
subj12,28,1,picture,target,0
subj12,29,1,picture,target,1
subj12,30,1,picture,target,0
subj12,31,1,picture,lure,0
subj12,32,1,picture,lure,1
subj12,33,1,picture,lure,0
subj12,34,1,picture,lure,1
subj12,35,1,picture,lure,0
subj12,36,1,picture,lure,1
subj12,37,1,picture,lure,1
subj12,38,1,picture,lure,0
subj12,39,1,picture,lure,1
subj12,40,1,picture,lure,0
subj12,41,2,word,target,1
subj12,42,2,word,target,0
subj12,43,2,word,target,1
subj12,44,2,word,target,1
subj12,45,2,word,target,1
subj12,46,2,word,target,0
subj12,47,2,word,target,1
subj12,48,2,word,target,0
subj12,49,2,word,target,0
subj12,50,2,word,target,1
subj12,51,2,word,lure,0
subj12,52,2,word,lure,1
subj12,53,2,word,lure,0
subj12,54,2,word,lure,1
subj12,55,2,word,lure,1
subj12,56,2,word,lure,0
subj12,57,2,word,lure,1
subj12,58,2,word,lure,1
subj12,59,2,word,lure,0
subj12,60,2,word,lure,1
subj12,61,2,picture,target,0
subj12,62,2,picture,target,1
subj12,63,2,picture,target,0
subj12,64,2,picture,target,1
subj12,65,2,picture,target,1
subj12,66,2,picture,target,1
subj12,67,2,picture,target,0
subj12,68,2,picture,target,1
subj12,69,2,picture,target,1
subj12,70,2,picture,target,0
subj12,71,2,picture,lure,0
subj12,72,2,picture,lure,0
subj12,73,2,picture,lure,0
subj12,74,2,picture,lure,0
subj12,75,2,picture,lure,1
subj12,76,2,picture,lure,1
subj12,77,2,picture,lure,0
subj12,78,2,picture,lure,0
subj12,79,2,picture,lure,1
subj12,80,2,picture,lure,0
subj12,81,4,word,target,1
subj12,82,4,word,target,0
subj12,83,4,word,target,0
subj12,84,4,word,target,0
subj12,85,4,word,target,0
subj12,86,4,word,target,0
subj12,87,4,word,target,0
subj12,88,4,word,target,0
subj12,89,4,word,target,0
subj12,90,4,word,target,0
subj12,91,4,word,lure,1
subj12,92,4,word,lure,1
subj12,93,4,word,lure,1
subj12,94,4,word,lure,0
subj12,95,4,word,lure,0
subj12,96,4,word,lure,0
subj12,97,4,word,lure,1
subj12,98,4,word,lure,0
subj12,99,4,word,lure,0
subj12,100,4,word,lure,0
subj12,101,4,picture,target,1
subj12,102,4,picture,target,1
subj12,103,4,picture,target,1
subj12,104,4,picture,target,0
subj12,105,4,picture,target,1
subj12,106,4,picture,target,1
subj12,107,4,picture,target,0
subj12,108,4,picture,target,1
subj12,109,4,picture,target,1
subj12,110,4,picture,target,1
subj12,111,4,picture,lure,0
subj12,112,4,picture,lure,1
subj12,113,4,picture,lure,1
subj12,114,4,picture,lure,1
subj12,115,4,picture,lure,0
subj12,116,4,picture,lure,1
subj12,117,4,picture,lure,1
subj12,118,4,picture,lure,0
subj12,119,4,picture,lure,1
subj12,120,4,picture,lure,1
subj13,1,1,word,target,1
subj13,2,1,word,target,0
subj13,3,1,word,target,0
subj13,4,1,word,target,1
subj13,5,1,word,target,0
subj13,6,1,word,target,0
subj13,7,1,word,target,0
subj13,8,1,word,target,0
subj13,9,1,word,target,0
subj13,10,1,word,target,0
subj13,11,1,word,lure,1
subj13,12,1,word,lure,1
subj13,13,1,word,lure,1
subj13,14,1,word,lure,0
subj13,15,1,word,lure,0
subj13,16,1,word,lure,1
subj13,17,1,word,lure,0
subj13,18,1,word,lure,0
subj13,19,1,word,lure,1
subj13,20,1,word,lure,0
subj13,21,1,picture,target,0
subj13,22,1,picture,target,0
subj13,23,1,picture,target,0
subj13,24,1,picture,target,1
subj13,25,1,picture,target,1
subj13,26,1,picture,target,1
subj13,27,1,picture,target,1
subj13,28,1,picture,target,0
subj13,29,1,picture,target,1
subj13,30,1,picture,target,0
subj13,31,1,picture,lure,1
subj13,32,1,picture,lure,0
subj13,33,1,picture,lure,0
subj13,34,1,picture,lure,0
subj13,35,1,picture,lure,1
subj13,36,1,picture,lure,1
subj13,37,1,picture,lure,0
subj13,38,1,picture,lure,0
subj13,39,1,picture,lure,0
subj13,40,1,picture,lure,1
subj13,41,2,word,target,1
subj13,42,2,word,target,1
subj13,43,2,word,target,1
subj13,44,2,word,target,1
subj13,45,2,word,target,0
subj13,46,2,word,target,1
subj13,47,2,word,target,0
subj13,48,2,word,target,1
subj13,49,2,word,target,1
subj13,50,2,word,target,0
subj13,51,2,word,lure,1
subj13,52,2,word,lure,1
subj13,53,2,word,lure,0
subj13,54,2,word,lure,1
subj13,55,2,word,lure,0
subj13,56,2,word,lure,0
subj13,57,2,word,lure,0
subj13,58,2,word,lure,1
subj13,59,2,word,lure,1
subj13,60,2,word,lure,0
subj13,61,2,picture,target,1
subj13,62,2,picture,target,1
subj13,63,2,picture,target,0
subj13,64,2,picture,target,0
subj13,65,2,picture,target,1
subj13,66,2,picture,target,1
subj13,67,2,picture,target,1
subj13,68,2,picture,target,0
subj13,69,2,picture,target,0
subj13,70,2,picture,target,0
subj13,71,2,picture,lure,1
subj13,72,2,picture,lure,0
subj13,73,2,picture,lure,0
subj13,74,2,picture,lure,0
subj13,75,2,picture,lure,1
subj13,76,2,picture,lure,0
subj13,77,2,picture,lure,0
subj13,78,2,picture,lure,0
subj13,79,2,picture,lure,0
subj13,80,2,picture,lure,1
subj13,81,4,word,target,1
subj13,82,4,word,target,1
subj13,83,4,word,target,1
subj13,84,4,word,target,1
subj13,85,4,word,target,0
subj13,86,4,word,target,0
subj13,87,4,word,target,1
subj13,88,4,word,target,1
subj13,89,4,word,target,1
subj13,90,4,word,target,1
subj13,91,4,word,lure,0
subj13,92,4,word,lure,0
subj13,93,4,word,lure,1
subj13,94,4,word,lure,1
subj13,95,4,word,lure,1
subj13,96,4,word,lure,0
subj13,97,4,word,lure,1
subj13,98,4,word,lure,1
subj13,99,4,word,lure,0
subj13,100,4,word,lure,0
subj13,101,4,picture,target,1
subj13,102,4,picture,target,0
subj13,103,4,picture,target,1
subj13,104,4,picture,target,1
subj13,105,4,picture,target,1
subj13,106,4,picture,target,1
subj13,107,4,picture,target,1
subj13,108,4,picture,target,0
subj13,109,4,picture,target,1
subj13,110,4,picture,target,0
subj13,111,4,picture,lure,1
subj13,112,4,picture,lure,0
subj13,113,4,picture,lure,1
subj13,114,4,picture,lure,0
subj13,115,4,picture,lure,1
subj13,116,4,picture,lure,0
subj13,117,4,picture,lure,0
subj13,118,4,picture,lure,0
subj13,119,4,picture,lure,1
subj13,120,4,picture,lure,0
subj14,1,1,word,target,1
subj14,2,1,word,target,1
subj14,3,1,word,target,0
subj14,4,1,word,target,0
subj14,5,1,word,target,0
subj14,6,1,word,target,0
subj14,7,1,word,target,1
subj14,8,1,word,target,0
subj14,9,1,word,target,0
subj14,10,1,word,target,1
subj14,11,1,word,lure,0
subj14,12,1,word,lure,1
subj14,13,1,word,lure,0
subj14,14,1,word,lure,0
subj14,15,1,word,lure,0
subj14,16,1,word,lure,0
subj14,17,1,word,lure,0
subj14,18,1,word,lure,1
subj14,19,1,word,lure,1
subj14,20,1,word,lure,0
subj14,21,1,picture,target,1
subj14,22,1,picture,target,1
subj14,23,1,picture,target,1
subj14,24,1,picture,target,1
subj14,25,1,picture,target,1
subj14,26,1,picture,target,0
subj14,27,1,picture,target,1
subj14,28,1,picture,target,1
subj14,29,1,picture,target,0
subj14,30,1,picture,target,1
subj14,31,1,picture,lure,1
subj14,32,1,picture,lure,0
subj14,33,1,picture,lure,0
subj14,34,1,picture,lure,1
subj14,35,1,picture,lure,0
subj14,36,1,picture,lure,0
subj14,37,1,picture,lure,0
subj14,38,1,picture,lure,1
subj14,39,1,picture,lure,0
subj14,40,1,picture,lure,1
subj14,41,2,word,target,1
subj14,42,2,word,target,1
subj14,43,2,word,target,1
subj14,44,2,word,target,0
subj14,45,2,word,target,1
subj14,46,2,word,target,0
subj14,47,2,word,target,1
subj14,48,2,word,target,1
subj14,49,2,word,target,1
subj14,50,2,word,target,1
subj14,51,2,word,lure,0
subj14,52,2,word,lure,1
subj14,53,2,word,lure,1
subj14,54,2,word,lure,0
subj14,55,2,word,lure,0
subj14,56,2,word,lure,1
subj14,57,2,word,lure,0
subj14,58,2,word,lure,0
subj14,59,2,word,lure,0
subj14,60,2,word,lure,0
subj14,61,2,picture,target,1
subj14,62,2,picture,target,0
subj14,63,2,picture,target,0
subj14,64,2,picture,target,1
subj14,65,2,picture,target,1
subj14,66,2,picture,target,1
subj14,67,2,picture,target,0
subj14,68,2,picture,target,1
subj14,69,2,picture,target,1
subj14,70,2,picture,target,1
subj14,71,2,picture,lure,1
subj14,72,2,picture,lure,0
subj14,73,2,picture,lure,0
subj14,74,2,picture,lure,1
subj14,75,2,picture,lure,0
subj14,76,2,picture,lure,0
subj14,77,2,picture,lure,0
subj14,78,2,picture,lure,1
subj14,79,2,picture,lure,0
subj14,80,2,picture,lure,0
subj14,81,4,word,target,1
subj14,82,4,word,target,0
subj14,83,4,word,target,1
subj14,84,4,word,target,1
subj14,85,4,word,target,1
subj14,86,4,word,target,1
subj14,87,4,word,target,0
subj14,88,4,word,target,0
subj14,89,4,word,target,0
subj14,90,4,word,target,1
subj14,91,4,word,lure,1
subj14,92,4,word,lure,0
subj14,93,4,word,lure,0
subj14,94,4,word,lure,0
subj14,95,4,word,lure,1
subj14,96,4,word,lure,0
subj14,97,4,word,lure,0
subj14,98,4,word,lure,0
subj14,99,4,word,lure,0
subj14,100,4,word,lure,0
subj14,101,4,picture,target,0
subj14,102,4,picture,target,1
subj14,103,4,picture,target,1
subj14,104,4,picture,target,1
subj14,105,4,picture,target,1
subj14,106,4,picture,target,1
subj14,107,4,picture,target,0
subj14,108,4,picture,target,1
subj14,109,4,picture,target,1
subj14,110,4,picture,target,0
subj14,111,4,picture,lure,1
subj14,112,4,picture,lure,0
subj14,113,4,picture,lure,0
subj14,114,4,picture,lure,0
subj14,115,4,picture,lure,0
subj14,116,4,picture,lure,0
subj14,117,4,picture,lure,1
subj14,118,4,picture,lure,1
subj14,119,4,picture,lure,1
subj14,120,4,picture,lure,0
subj15,1,1,word,target,1
subj15,2,1,word,target,0
subj15,3,1,word,target,1
subj15,4,1,word,target,1
subj15,5,1,word,target,1
subj15,6,1,word,target,0
subj15,7,1,word,target,0
subj15,8,1,word,target,1
subj15,9,1,word,target,1
subj15,10,1,word,target,0
subj15,11,1,word,lure,1
subj15,12,1,word,lure,0
subj15,13,1,word,lure,1
subj15,14,1,word,lure,1
subj15,15,1,word,lure,0
subj15,16,1,word,lure,1
subj15,17,1,word,lure,1
subj15,18,1,word,lure,1
subj15,19,1,word,lure,0
subj15,20,1,word,lure,0
subj15,21,1,picture,target,1
subj15,22,1,picture,target,1
subj15,23,1,picture,target,1
subj15,24,1,picture,target,0
subj15,25,1,picture,target,1
subj15,26,1,picture,target,1
subj15,27,1,picture,target,1
subj15,28,1,picture,target,0
subj15,29,1,picture,target,1
subj15,30,1,picture,target,0
subj15,31,1,picture,lure,0
subj15,32,1,picture,lure,1
subj15,33,1,picture,lure,0
subj15,34,1,picture,lure,0
subj15,35,1,picture,lure,0
subj15,36,1,picture,lure,1
subj15,37,1,picture,lure,1
subj15,38,1,picture,lure,1
subj15,39,1,picture,lure,0
subj15,40,1,picture,lure,1
subj15,41,2,word,target,1
subj15,42,2,word,target,1
subj15,43,2,word,target,1
subj15,44,2,word,target,1
subj15,45,2,word,target,1
subj15,46,2,word,target,1
subj15,47,2,word,target,0
subj15,48,2,word,target,1
subj15,49,2,word,target,0
subj15,50,2,word,target,1
subj15,51,2,word,lure,1
subj15,52,2,word,lure,0
subj15,53,2,word,lure,0
subj15,54,2,word,lure,1
subj15,55,2,word,lure,0
subj15,56,2,word,lure,0
subj15,57,2,word,lure,0
subj15,58,2,word,lure,0
subj15,59,2,word,lure,0
subj15,60,2,word,lure,0
subj15,61,2,picture,target,1
subj15,62,2,picture,target,1
subj15,63,2,picture,target,1
subj15,64,2,picture,target,1
subj15,65,2,picture,target,1
subj15,66,2,picture,target,0
subj15,67,2,picture,target,0
subj15,68,2,picture,target,1
subj15,69,2,picture,target,0
subj15,70,2,picture,target,0
subj15,71,2,picture,lure,0
subj15,72,2,picture,lure,1
subj15,73,2,picture,lure,1
subj15,74,2,picture,lure,0
subj15,75,2,picture,lure,0
subj15,76,2,picture,lure,0
subj15,77,2,picture,lure,0
subj15,78,2,picture,lure,0
subj15,79,2,picture,lure,1
subj15,80,2,picture,lure,0
subj15,81,4,word,target,0
subj15,82,4,word,target,1
subj15,83,4,word,target,1
subj15,84,4,word,target,0
subj15,85,4,word,target,0
subj15,86,4,word,target,1
subj15,87,4,word,target,1
subj15,88,4,word,target,1
subj15,89,4,word,target,0
subj15,90,4,word,target,1
subj15,91,4,word,lure,1
subj15,92,4,word,lure,0
subj15,93,4,word,lure,0
subj15,94,4,word,lure,0
subj15,95,4,word,lure,1
subj15,96,4,word,lure,0
subj15,97,4,word,lure,1
subj15,98,4,word,lure,0
subj15,99,4,word,lure,0
subj15,100,4,word,lure,0
subj15,101,4,picture,target,1
subj15,102,4,picture,target,1
subj15,103,4,picture,target,1
subj15,104,4,picture,target,0
subj15,105,4,picture,target,1
subj15,106,4,picture,target,1
subj15,107,4,picture,target,1
subj15,108,4,picture,target,1
subj15,109,4,picture,target,1
subj15,110,4,picture,target,1
subj15,111,4,picture,lure,0
subj15,112,4,picture,lure,0
subj15,113,4,picture,lure,0
subj15,114,4,picture,lure,0
subj15,115,4,picture,lure,0
subj15,116,4,picture,lure,0
subj15,117,4,picture,lure,0
subj15,118,4,picture,lure,0
subj15,119,4,picture,lure,1
subj15,120,4,picture,lure,0
subj16,1,1,word,target,1
subj16,2,1,word,target,0
subj16,3,1,word,target,1
subj16,4,1,word,target,1
subj16,5,1,word,target,1
subj16,6,1,word,target,1
subj16,7,1,word,target,1
subj16,8,1,word,target,0
subj16,9,1,word,target,1
subj16,10,1,word,target,1
subj16,11,1,word,lure,0
subj16,12,1,word,lure,1
subj16,13,1,word,lure,0
subj16,14,1,word,lure,1
subj16,15,1,word,lure,1
subj16,16,1,word,lure,0
subj16,17,1,word,lure,1
subj16,18,1,word,lure,1
subj16,19,1,word,lure,0
subj16,20,1,word,lure,0
subj16,21,1,picture,target,0
subj16,22,1,picture,target,1
subj16,23,1,picture,target,1
subj16,24,1,picture,target,1
subj16,25,1,picture,target,0
subj16,26,1,picture,target,1
subj16,27,1,picture,target,1
subj16,28,1,picture,target,1
subj16,29,1,picture,target,1
subj16,30,1,picture,target,1
subj16,31,1,picture,lure,1
subj16,32,1,picture,lure,1
subj16,33,1,picture,lure,1
subj16,34,1,picture,lure,0
subj16,35,1,picture,lure,0
subj16,36,1,picture,lure,0
subj16,37,1,picture,lure,1
subj16,38,1,picture,lure,1
subj16,39,1,picture,lure,0
subj16,40,1,picture,lure,1
subj16,41,2,word,target,1
subj16,42,2,word,target,0
subj16,43,2,word,target,1
subj16,44,2,word,target,0
subj16,45,2,word,target,1
subj16,46,2,word,target,0
subj16,47,2,word,target,1
subj16,48,2,word,target,0
subj16,49,2,word,target,1
subj16,50,2,word,target,1
subj16,51,2,word,lure,0
subj16,52,2,word,lure,0
subj16,53,2,word,lure,0
subj16,54,2,word,lure,1
subj16,55,2,word,lure,0
subj16,56,2,word,lure,1
subj16,57,2,word,lure,0
subj16,58,2,word,lure,0
subj16,59,2,word,lure,0
subj16,60,2,word,lure,1
subj16,61,2,picture,target,1
subj16,62,2,picture,target,0
subj16,63,2,picture,target,1
subj16,64,2,picture,target,1
subj16,65,2,picture,target,0
subj16,66,2,picture,target,1
subj16,67,2,picture,target,1
subj16,68,2,picture,target,1
subj16,69,2,picture,target,0
subj16,70,2,picture,target,0
subj16,71,2,picture,lure,0
subj16,72,2,picture,lure,0
subj16,73,2,picture,lure,1
subj16,74,2,picture,lure,0
subj16,75,2,picture,lure,1
subj16,76,2,picture,lure,1
subj16,77,2,picture,lure,0
subj16,78,2,picture,lure,0
subj16,79,2,picture,lure,0
subj16,80,2,picture,lure,0
subj16,81,4,word,target,1
subj16,82,4,word,target,1
subj16,83,4,word,target,0
subj16,84,4,word,target,1
subj16,85,4,word,target,1
subj16,86,4,word,target,1
subj16,87,4,word,target,1
subj16,88,4,word,target,1
subj16,89,4,word,target,1
subj16,90,4,word,target,1
subj16,91,4,word,lure,1
subj16,92,4,word,lure,1
subj16,93,4,word,lure,1
subj16,94,4,word,lure,0
subj16,95,4,word,lure,0
subj16,96,4,word,lure,0
subj16,97,4,word,lure,1
subj16,98,4,word,lure,1
subj16,99,4,word,lure,0
subj16,100,4,word,lure,1
subj16,101,4,picture,target,0
subj16,102,4,picture,target,0
subj16,103,4,picture,target,0
subj16,104,4,picture,target,0
subj16,105,4,picture,target,1
subj16,106,4,picture,target,0
subj16,107,4,picture,target,1
subj16,108,4,picture,target,1
subj16,109,4,picture,target,1
subj16,110,4,picture,target,1
subj16,111,4,picture,lure,0
subj16,112,4,picture,lure,1
subj16,113,4,picture,lure,0
subj16,114,4,picture,lure,0
subj16,115,4,picture,lure,0
subj16,116,4,picture,lure,0
subj16,117,4,picture,lure,1
subj16,118,4,picture,lure,0
subj16,119,4,picture,lure,0
subj16,120,4,picture,lure,1
subj17,1,1,word,target,0
subj17,2,1,word,target,0
subj17,3,1,word,target,0
subj17,4,1,word,target,1
subj17,5,1,word,target,0
subj17,6,1,word,target,1
subj17,7,1,word,target,0
subj17,8,1,word,target,1
subj17,9,1,word,target,0
subj17,10,1,word,target,1
subj17,11,1,word,lure,0
subj17,12,1,word,lure,0
subj17,13,1,word,lure,0
subj17,14,1,word,lure,1
subj17,15,1,word,lure,0
subj17,16,1,word,lure,0
subj17,17,1,word,lure,0
subj17,18,1,word,lure,1
subj17,19,1,word,lure,0
subj17,20,1,word,lure,0
subj17,21,1,picture,target,1
subj17,22,1,picture,target,1
subj17,23,1,picture,target,1
subj17,24,1,picture,target,1
subj17,25,1,picture,target,0
subj17,26,1,picture,target,1
subj17,27,1,picture,target,0
subj17,28,1,picture,target,1
subj17,29,1,picture,target,0
subj17,30,1,picture,target,0
subj17,31,1,picture,lure,1
subj17,32,1,picture,lure,1
subj17,33,1,picture,lure,0
subj17,34,1,picture,lure,1
subj17,35,1,picture,lure,1
subj17,36,1,picture,lure,0
subj17,37,1,picture,lure,0
subj17,38,1,picture,lure,0
subj17,39,1,picture,lure,1
subj17,40,1,picture,lure,0
subj17,41,2,word,target,1
subj17,42,2,word,target,1
subj17,43,2,word,target,0
subj17,44,2,word,target,0
subj17,45,2,word,target,0
subj17,46,2,word,target,0
subj17,47,2,word,target,1
subj17,48,2,word,target,0
subj17,49,2,word,target,1
subj17,50,2,word,target,1
subj17,51,2,word,lure,0
subj17,52,2,word,lure,0
subj17,53,2,word,lure,0
subj17,54,2,word,lure,0
subj17,55,2,word,lure,0
subj17,56,2,word,lure,1
subj17,57,2,word,lure,0
subj17,58,2,word,lure,0
subj17,59,2,word,lure,1
subj17,60,2,word,lure,1
subj17,61,2,picture,target,1
subj17,62,2,picture,target,1
subj17,63,2,picture,target,0
subj17,64,2,picture,target,1
subj17,65,2,picture,target,1
subj17,66,2,picture,target,0
subj17,67,2,picture,target,1
subj17,68,2,picture,target,1
subj17,69,2,picture,target,0
subj17,70,2,picture,target,1
subj17,71,2,picture,lure,0
subj17,72,2,picture,lure,0
subj17,73,2,picture,lure,1
subj17,74,2,picture,lure,0
subj17,75,2,picture,lure,0
subj17,76,2,picture,lure,0
subj17,77,2,picture,lure,1
subj17,78,2,picture,lure,0
subj17,79,2,picture,lure,0
subj17,80,2,picture,lure,0
subj17,81,4,word,target,1
subj17,82,4,word,target,0
subj17,83,4,word,target,1
subj17,84,4,word,target,1
subj17,85,4,word,target,1
subj17,86,4,word,target,0
subj17,87,4,word,target,1
subj17,88,4,word,target,1
subj17,89,4,word,target,0
subj17,90,4,word,target,0
subj17,91,4,word,lure,0
subj17,92,4,word,lure,0
subj17,93,4,word,lure,1
subj17,94,4,word,lure,1
subj17,95,4,word,lure,1
subj17,96,4,word,lure,0
subj17,97,4,word,lure,1
subj17,98,4,word,lure,0
subj17,99,4,word,lure,1
subj17,100,4,word,lure,0
subj17,101,4,picture,target,0
subj17,102,4,picture,target,0
subj17,103,4,picture,target,0
subj17,104,4,picture,target,1
subj17,105,4,picture,target,1
subj17,106,4,picture,target,0
subj17,107,4,picture,target,0
subj17,108,4,picture,target,0
subj17,109,4,picture,target,1
subj17,110,4,picture,target,0
subj17,111,4,picture,lure,0
subj17,112,4,picture,lure,0
subj17,113,4,picture,lure,1
subj17,114,4,picture,lure,1
subj17,115,4,picture,lure,0
subj17,116,4,picture,lure,0
subj17,117,4,picture,lure,1
subj17,118,4,picture,lure,1
subj17,119,4,picture,lure,0
subj17,120,4,picture,lure,0
subj18,1,1,word,target,1
subj18,2,1,word,target,0
subj18,3,1,word,target,1
subj18,4,1,word,target,1
subj18,5,1,word,target,1
subj18,6,1,word,target,0
subj18,7,1,word,target,1
subj18,8,1,word,target,1
subj18,9,1,word,target,0
subj18,10,1,word,target,1
subj18,11,1,word,lure,1
subj18,12,1,word,lure,1
subj18,13,1,word,lure,0
subj18,14,1,word,lure,1
subj18,15,1,word,lure,1
subj18,16,1,word,lure,1
subj18,17,1,word,lure,1
subj18,18,1,word,lure,1
subj18,19,1,word,lure,1
subj18,20,1,word,lure,0
subj18,21,1,picture,target,1
subj18,22,1,picture,target,1
subj18,23,1,picture,target,0
subj18,24,1,picture,target,0
subj18,25,1,picture,target,1
subj18,26,1,picture,target,1
subj18,27,1,picture,target,0
subj18,28,1,picture,target,0
subj18,29,1,picture,target,1
subj18,30,1,picture,target,0
subj18,31,1,picture,lure,0
subj18,32,1,picture,lure,0
subj18,33,1,picture,lure,1
subj18,34,1,picture,lure,0
subj18,35,1,picture,lure,0
subj18,36,1,picture,lure,1
subj18,37,1,picture,lure,0
subj18,38,1,picture,lure,1
subj18,39,1,picture,lure,1
subj18,40,1,picture,lure,0
subj18,41,2,word,target,1
subj18,42,2,word,target,1
subj18,43,2,word,target,0
subj18,44,2,word,target,1
subj18,45,2,word,target,1
subj18,46,2,word,target,1
subj18,47,2,word,target,1
subj18,48,2,word,target,0
subj18,49,2,word,target,1
subj18,50,2,word,target,0
subj18,51,2,word,lure,1
subj18,52,2,word,lure,0
subj18,53,2,word,lure,0
subj18,54,2,word,lure,0
subj18,55,2,word,lure,0
subj18,56,2,word,lure,1
subj18,57,2,word,lure,0
subj18,58,2,word,lure,0
subj18,59,2,word,lure,0
subj18,60,2,word,lure,1
subj18,61,2,picture,target,1
subj18,62,2,picture,target,1
subj18,63,2,picture,target,0
subj18,64,2,picture,target,1
subj18,65,2,picture,target,1
subj18,66,2,picture,target,1
subj18,67,2,picture,target,0
subj18,68,2,picture,target,1
subj18,69,2,picture,target,0
subj18,70,2,picture,target,0
subj18,71,2,picture,lure,1
subj18,72,2,picture,lure,0
subj18,73,2,picture,lure,0
subj18,74,2,picture,lure,0
subj18,75,2,picture,lure,1
subj18,76,2,picture,lure,0
subj18,77,2,picture,lure,0
subj18,78,2,picture,lure,0
subj18,79,2,picture,lure,0
subj18,80,2,picture,lure,1
subj18,81,4,word,target,1
subj18,82,4,word,target,1
subj18,83,4,word,target,0
subj18,84,4,word,target,1
subj18,85,4,word,target,1
subj18,86,4,word,target,0
subj18,87,4,word,target,0
subj18,88,4,word,target,0
subj18,89,4,word,target,1
subj18,90,4,word,target,0
subj18,91,4,word,lure,1
subj18,92,4,word,lure,1
subj18,93,4,word,lure,0
subj18,94,4,word,lure,1
subj18,95,4,word,lure,0
subj18,96,4,word,lure,0
subj18,97,4,word,lure,0
subj18,98,4,word,lure,0
subj18,99,4,word,lure,0
subj18,100,4,word,lure,0
subj18,101,4,picture,target,0
subj18,102,4,picture,target,1
subj18,103,4,picture,target,0
subj18,104,4,picture,target,1
subj18,105,4,picture,target,0
subj18,106,4,picture,target,1
subj18,107,4,picture,target,0
subj18,108,4,picture,target,1
subj18,109,4,picture,target,1
subj18,110,4,picture,target,0
subj18,111,4,picture,lure,1
subj18,112,4,picture,lure,1
subj18,113,4,picture,lure,0
subj18,114,4,picture,lure,0
subj18,115,4,picture,lure,0
subj18,116,4,picture,lure,1
subj18,117,4,picture,lure,0
subj18,118,4,picture,lure,1
subj18,119,4,picture,lure,0
subj18,120,4,picture,lure,1
subj19,1,1,word,target,1
subj19,2,1,word,target,1
subj19,3,1,word,target,1
subj19,4,1,word,target,0
subj19,5,1,word,target,0
subj19,6,1,word,target,1
subj19,7,1,word,target,1
subj19,8,1,word,target,0
subj19,9,1,word,target,1
subj19,10,1,word,target,0
subj19,11,1,word,lure,0
subj19,12,1,word,lure,1
subj19,13,1,word,lure,0
subj19,14,1,word,lure,0
subj19,15,1,word,lure,1
subj19,16,1,word,lure,1
subj19,17,1,word,lure,0
subj19,18,1,word,lure,0
subj19,19,1,word,lure,0
subj19,20,1,word,lure,0
subj19,21,1,picture,target,1
subj19,22,1,picture,target,1
subj19,23,1,picture,target,0
subj19,24,1,picture,target,1
subj19,25,1,picture,target,1
subj19,26,1,picture,target,1
subj19,27,1,picture,target,1
subj19,28,1,picture,target,1
subj19,29,1,picture,target,0
subj19,30,1,picture,target,0
subj19,31,1,picture,lure,0
subj19,32,1,picture,lure,0
subj19,33,1,picture,lure,1
subj19,34,1,picture,lure,1
subj19,35,1,picture,lure,0
subj19,36,1,picture,lure,0
subj19,37,1,picture,lure,1
subj19,38,1,picture,lure,1
subj19,39,1,picture,lure,0
subj19,40,1,picture,lure,0
subj19,41,2,word,target,1
subj19,42,2,word,target,0
subj19,43,2,word,target,1
subj19,44,2,word,target,1
subj19,45,2,word,target,1
subj19,46,2,word,target,1
subj19,47,2,word,target,1
subj19,48,2,word,target,1
subj19,49,2,word,target,1
subj19,50,2,word,target,0
subj19,51,2,word,lure,0
subj19,52,2,word,lure,0
subj19,53,2,word,lure,0
subj19,54,2,word,lure,0
subj19,55,2,word,lure,1
subj19,56,2,word,lure,0
subj19,57,2,word,lure,1
subj19,58,2,word,lure,0
subj19,59,2,word,lure,0
subj19,60,2,word,lure,0
subj19,61,2,picture,target,0
subj19,62,2,picture,target,1
subj19,63,2,picture,target,1
subj19,64,2,picture,target,1
subj19,65,2,picture,target,0
subj19,66,2,picture,target,1
subj19,67,2,picture,target,1
subj19,68,2,picture,target,0
subj19,69,2,picture,target,1
subj19,70,2,picture,target,0
subj19,71,2,picture,lure,1
subj19,72,2,picture,lure,0
subj19,73,2,picture,lure,1
subj19,74,2,picture,lure,0
subj19,75,2,picture,lure,0
subj19,76,2,picture,lure,0
subj19,77,2,picture,lure,0
subj19,78,2,picture,lure,0
subj19,79,2,picture,lure,1
subj19,80,2,picture,lure,0
subj19,81,4,word,target,0
subj19,82,4,word,target,0
subj19,83,4,word,target,1
subj19,84,4,word,target,1
subj19,85,4,word,target,1
subj19,86,4,word,target,1
subj19,87,4,word,target,0
subj19,88,4,word,target,1
subj19,89,4,word,target,0
subj19,90,4,word,target,0
subj19,91,4,word,lure,1
subj19,92,4,word,lure,0
subj19,93,4,word,lure,0
subj19,94,4,word,lure,1
subj19,95,4,word,lure,0
subj19,96,4,word,lure,1
subj19,97,4,word,lure,1
subj19,98,4,word,lure,0
subj19,99,4,word,lure,0
subj19,100,4,word,lure,0
subj19,101,4,picture,target,0
subj19,102,4,picture,target,1
subj19,103,4,picture,target,1
subj19,104,4,picture,target,0
subj19,105,4,picture,target,1
subj19,106,4,picture,target,1
subj19,107,4,picture,target,0
subj19,108,4,picture,target,1
subj19,109,4,picture,target,1
subj19,110,4,picture,target,1
subj19,111,4,picture,lure,0
subj19,112,4,picture,lure,0
subj19,113,4,picture,lure,0
subj19,114,4,picture,lure,1
subj19,115,4,picture,lure,1
subj19,116,4,picture,lure,1
subj19,117,4,picture,lure,0
subj19,118,4,picture,lure,0
subj19,119,4,picture,lure,0
subj19,120,4,picture,lure,0
subj20,1,1,word,target,1
subj20,2,1,word,target,0
subj20,3,1,word,target,1
subj20,4,1,word,target,0
subj20,5,1,word,target,1
subj20,6,1,word,target,0
subj20,7,1,word,target,1
subj20,8,1,word,target,0
subj20,9,1,word,target,1
subj20,10,1,word,target,0
subj20,11,1,word,lure,0
subj20,12,1,word,lure,0
subj20,13,1,word,lure,0
subj20,14,1,word,lure,0
subj20,15,1,word,lure,0
subj20,16,1,word,lure,0
subj20,17,1,word,lure,0
subj20,18,1,word,lure,0
subj20,19,1,word,lure,0
subj20,20,1,word,lure,0
subj20,21,1,picture,target,1
subj20,22,1,picture,target,1
subj20,23,1,picture,target,1
subj20,24,1,picture,target,1
subj20,25,1,picture,target,1
subj20,26,1,picture,target,0
subj20,27,1,picture,target,1
subj20,28,1,picture,target,1
subj20,29,1,picture,target,1
subj20,30,1,picture,target,1
subj20,31,1,picture,lure,1
subj20,32,1,picture,lure,0
subj20,33,1,picture,lure,0
subj20,34,1,picture,lure,0
subj20,35,1,picture,lure,0
subj20,36,1,picture,lure,0
subj20,37,1,picture,lure,0
subj20,38,1,picture,lure,0
subj20,39,1,picture,lure,0
subj20,40,1,picture,lure,1
subj20,41,2,word,target,1
subj20,42,2,word,target,0
subj20,43,2,word,target,1
subj20,44,2,word,target,1
subj20,45,2,word,target,1
subj20,46,2,word,target,0
subj20,47,2,word,target,0
subj20,48,2,word,target,1
subj20,49,2,word,target,1
subj20,50,2,word,target,1
subj20,51,2,word,lure,1
subj20,52,2,word,lure,0
subj20,53,2,word,lure,1
subj20,54,2,word,lure,0
subj20,55,2,word,lure,1
subj20,56,2,word,lure,0
subj20,57,2,word,lure,1
subj20,58,2,word,lure,0
subj20,59,2,word,lure,1
subj20,60,2,word,lure,0
subj20,61,2,picture,target,0
subj20,62,2,picture,target,1
subj20,63,2,picture,target,0
subj20,64,2,picture,target,1
subj20,65,2,picture,target,1
subj20,66,2,picture,target,1
subj20,67,2,picture,target,1
subj20,68,2,picture,target,0
subj20,69,2,picture,target,1
subj20,70,2,picture,target,1
subj20,71,2,picture,lure,1
subj20,72,2,picture,lure,0
subj20,73,2,picture,lure,0
subj20,74,2,picture,lure,1
subj20,75,2,picture,lure,0
subj20,76,2,picture,lure,1
subj20,77,2,picture,lure,1
subj20,78,2,picture,lure,1
subj20,79,2,picture,lure,0
subj20,80,2,picture,lure,0
subj20,81,4,word,target,1
subj20,82,4,word,target,0
subj20,83,4,word,target,0
subj20,84,4,word,target,1
subj20,85,4,word,target,0
subj20,86,4,word,target,1
subj20,87,4,word,target,0
subj20,88,4,word,target,1
subj20,89,4,word,target,1
subj20,90,4,word,target,1
subj20,91,4,word,lure,0
subj20,92,4,word,lure,1
subj20,93,4,word,lure,0
subj20,94,4,word,lure,0
subj20,95,4,word,lure,0
subj20,96,4,word,lure,0
subj20,97,4,word,lure,0
subj20,98,4,word,lure,0
subj20,99,4,word,lure,0
subj20,100,4,word,lure,0
subj20,101,4,picture,target,1
subj20,102,4,picture,target,0
subj20,103,4,picture,target,1
subj20,104,4,picture,target,0
subj20,105,4,picture,target,1
subj20,106,4,picture,target,1
subj20,107,4,picture,target,1
subj20,108,4,picture,target,0
subj20,109,4,picture,target,1
subj20,110,4,picture,target,0
subj20,111,4,picture,lure,0
subj20,112,4,picture,lure,0
subj20,113,4,picture,lure,0
subj20,114,4,picture,lure,0
subj20,115,4,picture,lure,1
subj20,116,4,picture,lure,0
subj20,117,4,picture,lure,1
subj20,118,4,picture,lure,0
subj20,119,4,picture,lure,0
subj20,120,4,picture,lure,0
subj21,1,1,word,target,1
subj21,2,1,word,target,1
subj21,3,1,word,target,0
subj21,4,1,word,target,1
subj21,5,1,word,target,1
subj21,6,1,word,target,0
subj21,7,1,word,target,1
subj21,8,1,word,target,1
subj21,9,1,word,target,0
subj21,10,1,word,target,0
subj21,11,1,word,lure,0
subj21,12,1,word,lure,0
subj21,13,1,word,lure,1
subj21,14,1,word,lure,1
subj21,15,1,word,lure,0
subj21,16,1,word,lure,0
subj21,17,1,word,lure,0
subj21,18,1,word,lure,0
subj21,19,1,word,lure,1
subj21,20,1,word,lure,0
subj21,21,1,picture,target,1
subj21,22,1,picture,target,1
subj21,23,1,picture,target,1
subj21,24,1,picture,target,0
subj21,25,1,picture,target,0
subj21,26,1,picture,target,0
subj21,27,1,picture,target,1
subj21,28,1,picture,target,1
subj21,29,1,picture,target,0
subj21,30,1,picture,target,1
subj21,31,1,picture,lure,0
subj21,32,1,picture,lure,0
subj21,33,1,picture,lure,0
subj21,34,1,picture,lure,1
subj21,35,1,picture,lure,0
subj21,36,1,picture,lure,0
subj21,37,1,picture,lure,1
subj21,38,1,picture,lure,1
subj21,39,1,picture,lure,0
subj21,40,1,picture,lure,0
subj21,41,2,word,target,1
subj21,42,2,word,target,1
subj21,43,2,word,target,1
subj21,44,2,word,target,1
subj21,45,2,word,target,0
subj21,46,2,word,target,1
subj21,47,2,word,target,0
subj21,48,2,word,target,1
subj21,49,2,word,target,0
subj21,50,2,word,target,0
subj21,51,2,word,lure,0
subj21,52,2,word,lure,0
subj21,53,2,word,lure,1
subj21,54,2,word,lure,0
subj21,55,2,word,lure,1
subj21,56,2,word,lure,0
subj21,57,2,word,lure,0
subj21,58,2,word,lure,0
subj21,59,2,word,lure,1
subj21,60,2,word,lure,1
subj21,61,2,picture,target,1
subj21,62,2,picture,target,0
subj21,63,2,picture,target,1
subj21,64,2,picture,target,1
subj21,65,2,picture,target,1
subj21,66,2,picture,target,1
subj21,67,2,picture,target,0
subj21,68,2,picture,target,0
subj21,69,2,picture,target,0
subj21,70,2,picture,target,1
subj21,71,2,picture,lure,0
subj21,72,2,picture,lure,0
subj21,73,2,picture,lure,1
subj21,74,2,picture,lure,0
subj21,75,2,picture,lure,1
subj21,76,2,picture,lure,0
subj21,77,2,picture,lure,0
subj21,78,2,picture,lure,0
subj21,79,2,picture,lure,0
subj21,80,2,picture,lure,0
subj21,81,4,word,target,0
subj21,82,4,word,target,1
subj21,83,4,word,target,0
subj21,84,4,word,target,0
subj21,85,4,word,target,1
subj21,86,4,word,target,0
subj21,87,4,word,target,0
subj21,88,4,word,target,1
subj21,89,4,word,target,1
subj21,90,4,word,target,1
subj21,91,4,word,lure,0
subj21,92,4,word,lure,0
subj21,93,4,word,lure,0
subj21,94,4,word,lure,1
subj21,95,4,word,lure,0
subj21,96,4,word,lure,1
subj21,97,4,word,lure,0
subj21,98,4,word,lure,0
subj21,99,4,word,lure,0
subj21,100,4,word,lure,1
subj21,101,4,picture,target,1
subj21,102,4,picture,target,0
subj21,103,4,picture,target,1
subj21,104,4,picture,target,1
subj21,105,4,picture,target,0
subj21,106,4,picture,target,0
subj21,107,4,picture,target,0
subj21,108,4,picture,target,1
subj21,109,4,picture,target,1
subj21,110,4,picture,target,1
subj21,111,4,picture,lure,1
subj21,112,4,picture,lure,0
subj21,113,4,picture,lure,1
subj21,114,4,picture,lure,1
subj21,115,4,picture,lure,0
subj21,116,4,picture,lure,0
subj21,117,4,picture,lure,0
subj21,118,4,picture,lure,0
subj21,119,4,picture,lure,0
subj21,120,4,picture,lure,0
subj22,1,1,word,target,0
subj22,2,1,word,target,1
subj22,3,1,word,target,1
subj22,4,1,word,target,0
subj22,5,1,word,target,0
subj22,6,1,word,target,0
subj22,7,1,word,target,0
subj22,8,1,word,target,1
subj22,9,1,word,target,0
subj22,10,1,word,target,0
subj22,11,1,word,lure,0
subj22,12,1,word,lure,1
subj22,13,1,word,lure,1
subj22,14,1,word,lure,0
subj22,15,1,word,lure,1
subj22,16,1,word,lure,1
subj22,17,1,word,lure,0
subj22,18,1,word,lure,0
subj22,19,1,word,lure,1
subj22,20,1,word,lure,0
subj22,21,1,picture,target,0
subj22,22,1,picture,target,1
subj22,23,1,picture,target,1
subj22,24,1,picture,target,1
subj22,25,1,picture,target,0
subj22,26,1,picture,target,1
subj22,27,1,picture,target,0
subj22,28,1,picture,target,1
subj22,29,1,picture,target,0
subj22,30,1,picture,target,1
subj22,31,1,picture,lure,0
subj22,32,1,picture,lure,1
subj22,33,1,picture,lure,1
subj22,34,1,picture,lure,1
subj22,35,1,picture,lure,1
subj22,36,1,picture,lure,1
subj22,37,1,picture,lure,1
subj22,38,1,picture,lure,0
subj22,39,1,picture,lure,1
subj22,40,1,picture,lure,1
subj22,41,2,word,target,0
subj22,42,2,word,target,0
subj22,43,2,word,target,1
subj22,44,2,word,target,1
subj22,45,2,word,target,0
subj22,46,2,word,target,1
subj22,47,2,word,target,0
subj22,48,2,word,target,0
subj22,49,2,word,target,1
subj22,50,2,word,target,0
subj22,51,2,word,lure,0
subj22,52,2,word,lure,1
subj22,53,2,word,lure,1
subj22,54,2,word,lure,0
subj22,55,2,word,lure,1
subj22,56,2,word,lure,0
subj22,57,2,word,lure,0
subj22,58,2,word,lure,1
subj22,59,2,word,lure,0
subj22,60,2,word,lure,0
subj22,61,2,picture,target,1
subj22,62,2,picture,target,0
subj22,63,2,picture,target,1
subj22,64,2,picture,target,1
subj22,65,2,picture,target,1
subj22,66,2,picture,target,0
subj22,67,2,picture,target,0
subj22,68,2,picture,target,1
subj22,69,2,picture,target,0
subj22,70,2,picture,target,0
subj22,71,2,picture,lure,0
subj22,72,2,picture,lure,1
subj22,73,2,picture,lure,0
subj22,74,2,picture,lure,1
subj22,75,2,picture,lure,0
subj22,76,2,picture,lure,1
subj22,77,2,picture,lure,0
subj22,78,2,picture,lure,0
subj22,79,2,picture,lure,1
subj22,80,2,picture,lure,1
subj22,81,4,word,target,1
subj22,82,4,word,target,0
subj22,83,4,word,target,0
subj22,84,4,word,target,1
subj22,85,4,word,target,0
subj22,86,4,word,target,0
subj22,87,4,word,target,0
subj22,88,4,word,target,1
subj22,89,4,word,target,1
subj22,90,4,word,target,1
subj22,91,4,word,lure,0
subj22,92,4,word,lure,0
subj22,93,4,word,lure,1
subj22,94,4,word,lure,1
subj22,95,4,word,lure,1
subj22,96,4,word,lure,0
subj22,97,4,word,lure,0
subj22,98,4,word,lure,1
subj22,99,4,word,lure,1
subj22,100,4,word,lure,1
subj22,101,4,picture,target,0
subj22,102,4,picture,target,1
subj22,103,4,picture,target,1
subj22,104,4,picture,target,0
subj22,105,4,picture,target,1
subj22,106,4,picture,target,1
subj22,107,4,picture,target,0
subj22,108,4,picture,target,0
subj22,109,4,picture,target,1
subj22,110,4,picture,target,1
subj22,111,4,picture,lure,1
subj22,112,4,picture,lure,0
subj22,113,4,picture,lure,1
subj22,114,4,picture,lure,0
subj22,115,4,picture,lure,1
subj22,116,4,picture,lure,0
subj22,117,4,picture,lure,0
subj22,118,4,picture,lure,0
subj22,119,4,picture,lure,0
subj22,120,4,picture,lure,0
subj23,1,1,word,target,0
subj23,2,1,word,target,0
subj23,3,1,word,target,0
subj23,4,1,word,target,1
subj23,5,1,word,target,1
subj23,6,1,word,target,0
subj23,7,1,word,target,1
subj23,8,1,word,target,0
subj23,9,1,word,target,1
subj23,10,1,word,target,0
subj23,11,1,word,lure,0
subj23,12,1,word,lure,0
subj23,13,1,word,lure,1
subj23,14,1,word,lure,0
subj23,15,1,word,lure,1
subj23,16,1,word,lure,0
subj23,17,1,word,lure,1
subj23,18,1,word,lure,1
subj23,19,1,word,lure,1
subj23,20,1,word,lure,1
subj23,21,1,picture,target,1
subj23,22,1,picture,target,0
subj23,23,1,picture,target,1
subj23,24,1,picture,target,1
subj23,25,1,picture,target,1
subj23,26,1,picture,target,1
subj23,27,1,picture,target,1
subj23,28,1,picture,target,1
subj23,29,1,picture,target,0
subj23,30,1,picture,target,0
subj23,31,1,picture,lure,0
subj23,32,1,picture,lure,1
subj23,33,1,picture,lure,1
subj23,34,1,picture,lure,1
subj23,35,1,picture,lure,1
subj23,36,1,picture,lure,0
subj23,37,1,picture,lure,0
subj23,38,1,picture,lure,1
subj23,39,1,picture,lure,0
subj23,40,1,picture,lure,0
subj23,41,2,word,target,1
subj23,42,2,word,target,1
subj23,43,2,word,target,0
subj23,44,2,word,target,1
subj23,45,2,word,target,1
subj23,46,2,word,target,1
subj23,47,2,word,target,1
subj23,48,2,word,target,1
subj23,49,2,word,target,0
subj23,50,2,word,target,1
subj23,51,2,word,lure,0
subj23,52,2,word,lure,0
subj23,53,2,word,lure,0
subj23,54,2,word,lure,1
subj23,55,2,word,lure,0
subj23,56,2,word,lure,0
subj23,57,2,word,lure,0
subj23,58,2,word,lure,0
subj23,59,2,word,lure,0
subj23,60,2,word,lure,1
subj23,61,2,picture,target,1
subj23,62,2,picture,target,1
subj23,63,2,picture,target,1
subj23,64,2,picture,target,0
subj23,65,2,picture,target,1
subj23,66,2,picture,target,1
subj23,67,2,picture,target,1
subj23,68,2,picture,target,0
subj23,69,2,picture,target,1
subj23,70,2,picture,target,1
subj23,71,2,picture,lure,0
subj23,72,2,picture,lure,0
subj23,73,2,picture,lure,1
subj23,74,2,picture,lure,0
subj23,75,2,picture,lure,0
subj23,76,2,picture,lure,1
subj23,77,2,picture,lure,1
subj23,78,2,picture,lure,0
subj23,79,2,picture,lure,0
subj23,80,2,picture,lure,0
subj23,81,4,word,target,0
subj23,82,4,word,target,1
subj23,83,4,word,target,0
subj23,84,4,word,target,1
subj23,85,4,word,target,0
subj23,86,4,word,target,1
subj23,87,4,word,target,1
subj23,88,4,word,target,1
subj23,89,4,word,target,1
subj23,90,4,word,target,1
subj23,91,4,word,lure,1
subj23,92,4,word,lure,0
subj23,93,4,word,lure,1
subj23,94,4,word,lure,1
subj23,95,4,word,lure,0
subj23,96,4,word,lure,0
subj23,97,4,word,lure,1
subj23,98,4,word,lure,0
subj23,99,4,word,lure,0
subj23,100,4,word,lure,0
subj23,101,4,picture,target,1
subj23,102,4,picture,target,1
subj23,103,4,picture,target,1
subj23,104,4,picture,target,1
subj23,105,4,picture,target,1
subj23,106,4,picture,target,1
subj23,107,4,picture,target,0
subj23,108,4,picture,target,0
subj23,109,4,picture,target,1
subj23,110,4,picture,target,1
subj23,111,4,picture,lure,1
subj23,112,4,picture,lure,0
subj23,113,4,picture,lure,0
subj23,114,4,picture,lure,0
subj23,115,4,picture,lure,1
subj23,116,4,picture,lure,1
subj23,117,4,picture,lure,0
subj23,118,4,picture,lure,0
subj23,119,4,picture,lure,0
subj23,120,4,picture,lure,0
subj24,1,1,word,target,0
subj24,2,1,word,target,0
subj24,3,1,word,target,0
subj24,4,1,word,target,1
subj24,5,1,word,target,1
subj24,6,1,word,target,0
subj24,7,1,word,target,1
subj24,8,1,word,target,0
subj24,9,1,word,target,0
subj24,10,1,word,target,0
subj24,11,1,word,lure,0
subj24,12,1,word,lure,0
subj24,13,1,word,lure,0
subj24,14,1,word,lure,1
subj24,15,1,word,lure,0
subj24,16,1,word,lure,1
subj24,17,1,word,lure,0
subj24,18,1,word,lure,0
subj24,19,1,word,lure,1
subj24,20,1,word,lure,0
subj24,21,1,picture,target,1
subj24,22,1,picture,target,0
subj24,23,1,picture,target,1
subj24,24,1,picture,target,0
subj24,25,1,picture,target,0
subj24,26,1,picture,target,0
subj24,27,1,picture,target,0
subj24,28,1,picture,target,0
subj24,29,1,picture,target,1
subj24,30,1,picture,target,1
subj24,31,1,picture,lure,1
subj24,32,1,picture,lure,1
subj24,33,1,picture,lure,0
subj24,34,1,picture,lure,0
subj24,35,1,picture,lure,1
subj24,36,1,picture,lure,1
subj24,37,1,picture,lure,0
subj24,38,1,picture,lure,1
subj24,39,1,picture,lure,1
subj24,40,1,picture,lure,1
subj24,41,2,word,target,0
subj24,42,2,word,target,0
subj24,43,2,word,target,1
subj24,44,2,word,target,0
subj24,45,2,word,target,0
subj24,46,2,word,target,1
subj24,47,2,word,target,1
subj24,48,2,word,target,1
subj24,49,2,word,target,1
subj24,50,2,word,target,0
subj24,51,2,word,lure,0
subj24,52,2,word,lure,0
subj24,53,2,word,lure,0
subj24,54,2,word,lure,0
subj24,55,2,word,lure,0
subj24,56,2,word,lure,0
subj24,57,2,word,lure,0
subj24,58,2,word,lure,0
subj24,59,2,word,lure,0
subj24,60,2,word,lure,0
subj24,61,2,picture,target,1
subj24,62,2,picture,target,0
subj24,63,2,picture,target,0
subj24,64,2,picture,target,0
subj24,65,2,picture,target,1
subj24,66,2,picture,target,0
subj24,67,2,picture,target,1
subj24,68,2,picture,target,0
subj24,69,2,picture,target,0
subj24,70,2,picture,target,1
subj24,71,2,picture,lure,1
subj24,72,2,picture,lure,1
subj24,73,2,picture,lure,1
subj24,74,2,picture,lure,0
subj24,75,2,picture,lure,0
subj24,76,2,picture,lure,0
subj24,77,2,picture,lure,1
subj24,78,2,picture,lure,1
subj24,79,2,picture,lure,1
subj24,80,2,picture,lure,0
subj24,81,4,word,target,0
subj24,82,4,word,target,0
subj24,83,4,word,target,1
subj24,84,4,word,target,1
subj24,85,4,word,target,1
subj24,86,4,word,target,0
subj24,87,4,word,target,1
subj24,88,4,word,target,1
subj24,89,4,word,target,1
subj24,90,4,word,target,0
subj24,91,4,word,lure,0
subj24,92,4,word,lure,1
subj24,93,4,word,lure,0
subj24,94,4,word,lure,1
subj24,95,4,word,lure,0
subj24,96,4,word,lure,0
subj24,97,4,word,lure,0
subj24,98,4,word,lure,1
subj24,99,4,word,lure,1
subj24,100,4,word,lure,0
subj24,101,4,picture,target,1
subj24,102,4,picture,target,1
subj24,103,4,picture,target,1
subj24,104,4,picture,target,1
subj24,105,4,picture,target,0
subj24,106,4,picture,target,1
subj24,107,4,picture,target,0
subj24,108,4,picture,target,1
subj24,109,4,picture,target,1
subj24,110,4,picture,target,1
subj24,111,4,picture,lure,1
subj24,112,4,picture,lure,0
subj24,113,4,picture,lure,0
subj24,114,4,picture,lure,0
subj24,115,4,picture,lure,0
subj24,116,4,picture,lure,0
subj24,117,4,picture,lure,1
subj24,118,4,picture,lure,1
subj24,119,4,picture,lure,0
subj24,120,4,picture,lure,0
subj25,1,1,word,target,1
subj25,2,1,word,target,0
subj25,3,1,word,target,0
subj25,4,1,word,target,0
subj25,5,1,word,target,0
subj25,6,1,word,target,1
subj25,7,1,word,target,1
subj25,8,1,word,target,0
subj25,9,1,word,target,1
subj25,10,1,word,target,0
subj25,11,1,word,lure,0
subj25,12,1,word,lure,1
subj25,13,1,word,lure,0
subj25,14,1,word,lure,0
subj25,15,1,word,lure,1
subj25,16,1,word,lure,0
subj25,17,1,word,lure,1
subj25,18,1,word,lure,0
subj25,19,1,word,lure,1
subj25,20,1,word,lure,1
subj25,21,1,picture,target,1
subj25,22,1,picture,target,0
subj25,23,1,picture,target,1
subj25,24,1,picture,target,0
subj25,25,1,picture,target,1
subj25,26,1,picture,target,1
subj25,27,1,picture,target,1
subj25,28,1,picture,target,0
subj25,29,1,picture,target,0
subj25,30,1,picture,target,0
subj25,31,1,picture,lure,1
subj25,32,1,picture,lure,1
subj25,33,1,picture,lure,1
subj25,34,1,picture,lure,1
subj25,35,1,picture,lure,1
subj25,36,1,picture,lure,1
subj25,37,1,picture,lure,1
subj25,38,1,picture,lure,0
subj25,39,1,picture,lure,1
subj25,40,1,picture,lure,0
subj25,41,2,word,target,0
subj25,42,2,word,target,0
subj25,43,2,word,target,1
subj25,44,2,word,target,1
subj25,45,2,word,target,1
subj25,46,2,word,target,1
subj25,47,2,word,target,1
subj25,48,2,word,target,1
subj25,49,2,word,target,1
subj25,50,2,word,target,0
subj25,51,2,word,lure,1
subj25,52,2,word,lure,0
subj25,53,2,word,lure,0
subj25,54,2,word,lure,0
subj25,55,2,word,lure,1
subj25,56,2,word,lure,0
subj25,57,2,word,lure,0
subj25,58,2,word,lure,0
subj25,59,2,word,lure,0
subj25,60,2,word,lure,1
subj25,61,2,picture,target,1
subj25,62,2,picture,target,1
subj25,63,2,picture,target,1
subj25,64,2,picture,target,1
subj25,65,2,picture,target,1
subj25,66,2,picture,target,1
subj25,67,2,picture,target,1
subj25,68,2,picture,target,1
subj25,69,2,picture,target,1
subj25,70,2,picture,target,1
subj25,71,2,picture,lure,1
subj25,72,2,picture,lure,1
subj25,73,2,picture,lure,1
subj25,74,2,picture,lure,0
subj25,75,2,picture,lure,1
subj25,76,2,picture,lure,1
subj25,77,2,picture,lure,0
subj25,78,2,picture,lure,0
subj25,79,2,picture,lure,0
subj25,80,2,picture,lure,0
subj25,81,4,word,target,1
subj25,82,4,word,target,1
subj25,83,4,word,target,1
subj25,84,4,word,target,1
subj25,85,4,word,target,1
subj25,86,4,word,target,1
subj25,87,4,word,target,1
subj25,88,4,word,target,0
subj25,89,4,word,target,1
subj25,90,4,word,target,1
subj25,91,4,word,lure,0
subj25,92,4,word,lure,0
subj25,93,4,word,lure,1
subj25,94,4,word,lure,0
subj25,95,4,word,lure,1
subj25,96,4,word,lure,0
subj25,97,4,word,lure,0
subj25,98,4,word,lure,0
subj25,99,4,word,lure,0
subj25,100,4,word,lure,0
subj25,101,4,picture,target,1
subj25,102,4,picture,target,1
subj25,103,4,picture,target,1
subj25,104,4,picture,target,1
subj25,105,4,picture,target,1
subj25,106,4,picture,target,0
subj25,107,4,picture,target,0
subj25,108,4,picture,target,1
subj25,109,4,picture,target,1
subj25,110,4,picture,target,1
subj25,111,4,picture,lure,0
subj25,112,4,picture,lure,0
subj25,113,4,picture,lure,1
subj25,114,4,picture,lure,0
subj25,115,4,picture,lure,1
subj25,116,4,picture,lure,1
subj25,117,4,picture,lure,1
subj25,118,4,picture,lure,0
subj25,119,4,picture,lure,1
subj25,120,4,picture,lure,0
subj26,1,1,word,target,1
subj26,2,1,word,target,1
subj26,3,1,word,target,0
subj26,4,1,word,target,0
subj26,5,1,word,target,0
subj26,6,1,word,target,0
subj26,7,1,word,target,1
subj26,8,1,word,target,0
subj26,9,1,word,target,0
subj26,10,1,word,target,1
subj26,11,1,word,lure,0
subj26,12,1,word,lure,0
subj26,13,1,word,lure,0
subj26,14,1,word,lure,1
subj26,15,1,word,lure,0
subj26,16,1,word,lure,1
subj26,17,1,word,lure,1
subj26,18,1,word,lure,0
subj26,19,1,word,lure,0
subj26,20,1,word,lure,0
subj26,21,1,picture,target,1
subj26,22,1,picture,target,1
subj26,23,1,picture,target,1
subj26,24,1,picture,target,1
subj26,25,1,picture,target,0
subj26,26,1,picture,target,0
subj26,27,1,picture,target,0
subj26,28,1,picture,target,0
subj26,29,1,picture,target,1
subj26,30,1,picture,target,1
subj26,31,1,picture,lure,1
subj26,32,1,picture,lure,1
subj26,33,1,picture,lure,0
subj26,34,1,picture,lure,1
subj26,35,1,picture,lure,1
subj26,36,1,picture,lure,1
subj26,37,1,picture,lure,0
subj26,38,1,picture,lure,1
subj26,39,1,picture,lure,0
subj26,40,1,picture,lure,1
subj26,41,2,word,target,1
subj26,42,2,word,target,1
subj26,43,2,word,target,1
subj26,44,2,word,target,1
subj26,45,2,word,target,1
subj26,46,2,word,target,1
subj26,47,2,word,target,1
subj26,48,2,word,target,1
subj26,49,2,word,target,1
subj26,50,2,word,target,1
subj26,51,2,word,lure,0
subj26,52,2,word,lure,1
subj26,53,2,word,lure,1
subj26,54,2,word,lure,0
subj26,55,2,word,lure,0
subj26,56,2,word,lure,1
subj26,57,2,word,lure,1
subj26,58,2,word,lure,0
subj26,59,2,word,lure,0
subj26,60,2,word,lure,0
subj26,61,2,picture,target,0
subj26,62,2,picture,target,0
subj26,63,2,picture,target,1
subj26,64,2,picture,target,0
subj26,65,2,picture,target,1
subj26,66,2,picture,target,1
subj26,67,2,picture,target,0
subj26,68,2,picture,target,0
subj26,69,2,picture,target,0
subj26,70,2,picture,target,1
subj26,71,2,picture,lure,0
subj26,72,2,picture,lure,1
subj26,73,2,picture,lure,0
subj26,74,2,picture,lure,0
subj26,75,2,picture,lure,0
subj26,76,2,picture,lure,1
subj26,77,2,picture,lure,1
subj26,78,2,picture,lure,1
subj26,79,2,picture,lure,1
subj26,80,2,picture,lure,0
subj26,81,4,word,target,1
subj26,82,4,word,target,1
subj26,83,4,word,target,0
subj26,84,4,word,target,1
subj26,85,4,word,target,0
subj26,86,4,word,target,0
subj26,87,4,word,target,0
subj26,88,4,word,target,0
subj26,89,4,word,target,1
subj26,90,4,word,target,1
subj26,91,4,word,lure,0
subj26,92,4,word,lure,1
subj26,93,4,word,lure,1
subj26,94,4,word,lure,1
subj26,95,4,word,lure,0
subj26,96,4,word,lure,0
subj26,97,4,word,lure,0
subj26,98,4,word,lure,1
subj26,99,4,word,lure,0
subj26,100,4,word,lure,0
subj26,101,4,picture,target,1
subj26,102,4,picture,target,1
subj26,103,4,picture,target,1
subj26,104,4,picture,target,1
subj26,105,4,picture,target,1
subj26,106,4,picture,target,1
subj26,107,4,picture,target,1
subj26,108,4,picture,target,1
subj26,109,4,picture,target,1
subj26,110,4,picture,target,1
subj26,111,4,picture,lure,0
subj26,112,4,picture,lure,0
subj26,113,4,picture,lure,0
subj26,114,4,picture,lure,0
subj26,115,4,picture,lure,0
subj26,116,4,picture,lure,0
subj26,117,4,picture,lure,1
subj26,118,4,picture,lure,1
subj26,119,4,picture,lure,0
subj26,120,4,picture,lure,0
subj27,1,1,word,target,1
subj27,2,1,word,target,0
subj27,3,1,word,target,1
subj27,4,1,word,target,1
subj27,5,1,word,target,1
subj27,6,1,word,target,0
subj27,7,1,word,target,0
subj27,8,1,word,target,1
subj27,9,1,word,target,1
subj27,10,1,word,target,1
subj27,11,1,word,lure,1
subj27,12,1,word,lure,0
subj27,13,1,word,lure,0
subj27,14,1,word,lure,0
subj27,15,1,word,lure,1
subj27,16,1,word,lure,1
subj27,17,1,word,lure,1
subj27,18,1,word,lure,1
subj27,19,1,word,lure,0
subj27,20,1,word,lure,0
subj27,21,1,picture,target,1
subj27,22,1,picture,target,1
subj27,23,1,picture,target,1
subj27,24,1,picture,target,1
subj27,25,1,picture,target,1
subj27,26,1,picture,target,1
subj27,27,1,picture,target,1
subj27,28,1,picture,target,1
subj27,29,1,picture,target,0
subj27,30,1,picture,target,0
subj27,31,1,picture,lure,0
subj27,32,1,picture,lure,1
subj27,33,1,picture,lure,0
subj27,34,1,picture,lure,0
subj27,35,1,picture,lure,1
subj27,36,1,picture,lure,1
subj27,37,1,picture,lure,0
subj27,38,1,picture,lure,0
subj27,39,1,picture,lure,0
subj27,40,1,picture,lure,0
subj27,41,2,word,target,0
subj27,42,2,word,target,1
subj27,43,2,word,target,1
subj27,44,2,word,target,0
subj27,45,2,word,target,1
subj27,46,2,word,target,1
subj27,47,2,word,target,0
subj27,48,2,word,target,1
subj27,49,2,word,target,1
subj27,50,2,word,target,1
subj27,51,2,word,lure,0
subj27,52,2,word,lure,1
subj27,53,2,word,lure,0
subj27,54,2,word,lure,1
subj27,55,2,word,lure,0
subj27,56,2,word,lure,1
subj27,57,2,word,lure,0
subj27,58,2,word,lure,1
subj27,59,2,word,lure,1
subj27,60,2,word,lure,1
subj27,61,2,picture,target,1
subj27,62,2,picture,target,1
subj27,63,2,picture,target,0
subj27,64,2,picture,target,1
subj27,65,2,picture,target,0
subj27,66,2,picture,target,1
subj27,67,2,picture,target,1
subj27,68,2,picture,target,1
subj27,69,2,picture,target,1
subj27,70,2,picture,target,1
subj27,71,2,picture,lure,1
subj27,72,2,picture,lure,0
subj27,73,2,picture,lure,0
subj27,74,2,picture,lure,0
subj27,75,2,picture,lure,0
subj27,76,2,picture,lure,0
subj27,77,2,picture,lure,0
subj27,78,2,picture,lure,1
subj27,79,2,picture,lure,0
subj27,80,2,picture,lure,0
subj27,81,4,word,target,1
subj27,82,4,word,target,1
subj27,83,4,word,target,0
subj27,84,4,word,target,1
subj27,85,4,word,target,0
subj27,86,4,word,target,0
subj27,87,4,word,target,1
subj27,88,4,word,target,0
subj27,89,4,word,target,0
subj27,90,4,word,target,1
subj27,91,4,word,lure,0
subj27,92,4,word,lure,0
subj27,93,4,word,lure,0
subj27,94,4,word,lure,0
subj27,95,4,word,lure,0
subj27,96,4,word,lure,1
subj27,97,4,word,lure,1
subj27,98,4,word,lure,0
subj27,99,4,word,lure,0
subj27,100,4,word,lure,0
subj27,101,4,picture,target,1
subj27,102,4,picture,target,1
subj27,103,4,picture,target,1
subj27,104,4,picture,target,1
subj27,105,4,picture,target,0
subj27,106,4,picture,target,0
subj27,107,4,picture,target,1
subj27,108,4,picture,target,1
subj27,109,4,picture,target,1
subj27,110,4,picture,target,0
subj27,111,4,picture,lure,0
subj27,112,4,picture,lure,0
subj27,113,4,picture,lure,0
subj27,114,4,picture,lure,0
subj27,115,4,picture,lure,0
subj27,116,4,picture,lure,0
subj27,117,4,picture,lure,0
subj27,118,4,picture,lure,0
subj27,119,4,picture,lure,0
subj27,120,4,picture,lure,0
subj28,1,1,word,target,0
subj28,2,1,word,target,0
subj28,3,1,word,target,0
subj28,4,1,word,target,0
subj28,5,1,word,target,1
subj28,6,1,word,target,0
subj28,7,1,word,target,0
subj28,8,1,word,target,1
subj28,9,1,word,target,1
subj28,10,1,word,target,0
subj28,11,1,word,lure,1
subj28,12,1,word,lure,0
subj28,13,1,word,lure,1
subj28,14,1,word,lure,0
subj28,15,1,word,lure,1
subj28,16,1,word,lure,0
subj28,17,1,word,lure,1
subj28,18,1,word,lure,0
subj28,19,1,word,lure,1
subj28,20,1,word,lure,0
subj28,21,1,picture,target,0
subj28,22,1,picture,target,1
subj28,23,1,picture,target,1
subj28,24,1,picture,target,1
subj28,25,1,picture,target,0
subj28,26,1,picture,target,1
subj28,27,1,picture,target,0
subj28,28,1,picture,target,1
subj28,29,1,picture,target,1
subj28,30,1,picture,target,0
subj28,31,1,picture,lure,0
subj28,32,1,picture,lure,1
subj28,33,1,picture,lure,0
subj28,34,1,picture,lure,0
subj28,35,1,picture,lure,0
subj28,36,1,picture,lure,0
subj28,37,1,picture,lure,0
subj28,38,1,picture,lure,1
subj28,39,1,picture,lure,0
subj28,40,1,picture,lure,1
subj28,41,2,word,target,0
subj28,42,2,word,target,1
subj28,43,2,word,target,0
subj28,44,2,word,target,1
subj28,45,2,word,target,1
subj28,46,2,word,target,1
subj28,47,2,word,target,1
subj28,48,2,word,target,0
subj28,49,2,word,target,1
subj28,50,2,word,target,1
subj28,51,2,word,lure,0
subj28,52,2,word,lure,1
subj28,53,2,word,lure,0
subj28,54,2,word,lure,0
subj28,55,2,word,lure,0
subj28,56,2,word,lure,1
subj28,57,2,word,lure,0
subj28,58,2,word,lure,0
subj28,59,2,word,lure,1
subj28,60,2,word,lure,1
subj28,61,2,picture,target,0
subj28,62,2,picture,target,1
subj28,63,2,picture,target,1
subj28,64,2,picture,target,1
subj28,65,2,picture,target,0
subj28,66,2,picture,target,1
subj28,67,2,picture,target,0
subj28,68,2,picture,target,1
subj28,69,2,picture,target,0
subj28,70,2,picture,target,1
subj28,71,2,picture,lure,0
subj28,72,2,picture,lure,0
subj28,73,2,picture,lure,0
subj28,74,2,picture,lure,0
subj28,75,2,picture,lure,1
subj28,76,2,picture,lure,0
subj28,77,2,picture,lure,0
subj28,78,2,picture,lure,0
subj28,79,2,picture,lure,0
subj28,80,2,picture,lure,0
subj28,81,4,word,target,1
subj28,82,4,word,target,0
subj28,83,4,word,target,0
subj28,84,4,word,target,1
subj28,85,4,word,target,0
subj28,86,4,word,target,0
subj28,87,4,word,target,1
subj28,88,4,word,target,1
subj28,89,4,word,target,0
subj28,90,4,word,target,1
subj28,91,4,word,lure,0
subj28,92,4,word,lure,0
subj28,93,4,word,lure,0
subj28,94,4,word,lure,0
subj28,95,4,word,lure,0
subj28,96,4,word,lure,0
subj28,97,4,word,lure,0
subj28,98,4,word,lure,0
subj28,99,4,word,lure,1
subj28,100,4,word,lure,0
subj28,101,4,picture,target,1
subj28,102,4,picture,target,1
subj28,103,4,picture,target,0
subj28,104,4,picture,target,1
subj28,105,4,picture,target,1
subj28,106,4,picture,target,1
subj28,107,4,picture,target,1
subj28,108,4,picture,target,0
subj28,109,4,picture,target,1
subj28,110,4,picture,target,1
subj28,111,4,picture,lure,0
subj28,112,4,picture,lure,0
subj28,113,4,picture,lure,1
subj28,114,4,picture,lure,0
subj28,115,4,picture,lure,1
subj28,116,4,picture,lure,0
subj28,117,4,picture,lure,0
subj28,118,4,picture,lure,0
subj28,119,4,picture,lure,0
subj28,120,4,picture,lure,0
subj29,1,1,word,target,0
subj29,2,1,word,target,0
subj29,3,1,word,target,1
subj29,4,1,word,target,1
subj29,5,1,word,target,1
subj29,6,1,word,target,1
subj29,7,1,word,target,1
subj29,8,1,word,target,1
subj29,9,1,word,target,0
subj29,10,1,word,target,0
subj29,11,1,word,lure,0
subj29,12,1,word,lure,0
subj29,13,1,word,lure,1
subj29,14,1,word,lure,1
subj29,15,1,word,lure,1
subj29,16,1,word,lure,0
subj29,17,1,word,lure,0
subj29,18,1,word,lure,1
subj29,19,1,word,lure,0
subj29,20,1,word,lure,1
subj29,21,1,picture,target,1
subj29,22,1,picture,target,0
subj29,23,1,picture,target,1
subj29,24,1,picture,target,0
subj29,25,1,picture,target,0
subj29,26,1,picture,target,0
subj29,27,1,picture,target,0
subj29,28,1,picture,target,0
subj29,29,1,picture,target,0
subj29,30,1,picture,target,0
subj29,31,1,picture,lure,0
subj29,32,1,picture,lure,1
subj29,33,1,picture,lure,0
subj29,34,1,picture,lure,0
subj29,35,1,picture,lure,0
subj29,36,1,picture,lure,0
subj29,37,1,picture,lure,0
subj29,38,1,picture,lure,1
subj29,39,1,picture,lure,1
subj29,40,1,picture,lure,0
subj29,41,2,word,target,0
subj29,42,2,word,target,0
subj29,43,2,word,target,1
subj29,44,2,word,target,1
subj29,45,2,word,target,1
subj29,46,2,word,target,1
subj29,47,2,word,target,1
subj29,48,2,word,target,0
subj29,49,2,word,target,1
subj29,50,2,word,target,0
subj29,51,2,word,lure,1
subj29,52,2,word,lure,0
subj29,53,2,word,lure,1
subj29,54,2,word,lure,1
subj29,55,2,word,lure,0
subj29,56,2,word,lure,0
subj29,57,2,word,lure,1
subj29,58,2,word,lure,0
subj29,59,2,word,lure,0
subj29,60,2,word,lure,1
subj29,61,2,picture,target,1
subj29,62,2,picture,target,1
subj29,63,2,picture,target,1
subj29,64,2,picture,target,1
subj29,65,2,picture,target,1
subj29,66,2,picture,target,0
subj29,67,2,picture,target,0
subj29,68,2,picture,target,1
subj29,69,2,picture,target,1
subj29,70,2,picture,target,1
subj29,71,2,picture,lure,0
subj29,72,2,picture,lure,0
subj29,73,2,picture,lure,1
subj29,74,2,picture,lure,1
subj29,75,2,picture,lure,0
subj29,76,2,picture,lure,0
subj29,77,2,picture,lure,0
subj29,78,2,picture,lure,0
subj29,79,2,picture,lure,0
subj29,80,2,picture,lure,0
subj29,81,4,word,target,1
subj29,82,4,word,target,1
subj29,83,4,word,target,1
subj29,84,4,word,target,1
subj29,85,4,word,target,1
subj29,86,4,word,target,1
subj29,87,4,word,target,0
subj29,88,4,word,target,1
subj29,89,4,word,target,1
subj29,90,4,word,target,1
subj29,91,4,word,lure,1
subj29,92,4,word,lure,1
subj29,93,4,word,lure,0
subj29,94,4,word,lure,0
subj29,95,4,word,lure,0
subj29,96,4,word,lure,1
subj29,97,4,word,lure,0
subj29,98,4,word,lure,0
subj29,99,4,word,lure,0
subj29,100,4,word,lure,1
subj29,101,4,picture,target,1
subj29,102,4,picture,target,1
subj29,103,4,picture,target,1
subj29,104,4,picture,target,1
subj29,105,4,picture,target,1
subj29,106,4,picture,target,1
subj29,107,4,picture,target,0
subj29,108,4,picture,target,0
subj29,109,4,picture,target,1
subj29,110,4,picture,target,0
subj29,111,4,picture,lure,1
subj29,112,4,picture,lure,0
subj29,113,4,picture,lure,0
subj29,114,4,picture,lure,1
subj29,115,4,picture,lure,0
subj29,116,4,picture,lure,0
subj29,117,4,picture,lure,0
subj29,118,4,picture,lure,1
subj29,119,4,picture,lure,0
subj29,120,4,picture,lure,0
subj30,1,1,word,target,1
subj30,2,1,word,target,0
subj30,3,1,word,target,1
subj30,4,1,word,target,1
subj30,5,1,word,target,0
subj30,6,1,word,target,1
subj30,7,1,word,target,0
subj30,8,1,word,target,1
subj30,9,1,word,target,1
subj30,10,1,word,target,0
subj30,11,1,word,lure,0
subj30,12,1,word,lure,0
subj30,13,1,word,lure,1
subj30,14,1,word,lure,0
subj30,15,1,word,lure,0
subj30,16,1,word,lure,0
subj30,17,1,word,lure,0
subj30,18,1,word,lure,1
subj30,19,1,word,lure,0
subj30,20,1,word,lure,0
subj30,21,1,picture,target,0
subj30,22,1,picture,target,1
subj30,23,1,picture,target,0
subj30,24,1,picture,target,1
subj30,25,1,picture,target,0
subj30,26,1,picture,target,1
subj30,27,1,picture,target,0
subj30,28,1,picture,target,1
subj30,29,1,picture,target,1
subj30,30,1,picture,target,0
subj30,31,1,picture,lure,0
subj30,32,1,picture,lure,1
subj30,33,1,picture,lure,1
subj30,34,1,picture,lure,0
subj30,35,1,picture,lure,0
subj30,36,1,picture,lure,0
subj30,37,1,picture,lure,1
subj30,38,1,picture,lure,0
subj30,39,1,picture,lure,0
subj30,40,1,picture,lure,1
subj30,41,2,word,target,1
subj30,42,2,word,target,1
subj30,43,2,word,target,1
subj30,44,2,word,target,0
subj30,45,2,word,target,1
subj30,46,2,word,target,1
subj30,47,2,word,target,0
subj30,48,2,word,target,1
subj30,49,2,word,target,0
subj30,50,2,word,target,1
subj30,51,2,word,lure,0
subj30,52,2,word,lure,1
subj30,53,2,word,lure,0
subj30,54,2,word,lure,0
subj30,55,2,word,lure,1
subj30,56,2,word,lure,0
subj30,57,2,word,lure,0
subj30,58,2,word,lure,0
subj30,59,2,word,lure,0
subj30,60,2,word,lure,1
subj30,61,2,picture,target,1
subj30,62,2,picture,target,0
subj30,63,2,picture,target,1
subj30,64,2,picture,target,1
subj30,65,2,picture,target,1
subj30,66,2,picture,target,0
subj30,67,2,picture,target,1
subj30,68,2,picture,target,0
subj30,69,2,picture,target,0
subj30,70,2,picture,target,1
subj30,71,2,picture,lure,0
subj30,72,2,picture,lure,0
subj30,73,2,picture,lure,0
subj30,74,2,picture,lure,0
subj30,75,2,picture,lure,0
subj30,76,2,picture,lure,0
subj30,77,2,picture,lure,0
subj30,78,2,picture,lure,0
subj30,79,2,picture,lure,1
subj30,80,2,picture,lure,0
subj30,81,4,word,target,1
subj30,82,4,word,target,1
subj30,83,4,word,target,1
subj30,84,4,word,target,1
subj30,85,4,word,target,1
subj30,86,4,word,target,1
subj30,87,4,word,target,0
subj30,88,4,word,target,1
subj30,89,4,word,target,0
subj30,90,4,word,target,1
subj30,91,4,word,lure,0
subj30,92,4,word,lure,1
subj30,93,4,word,lure,0
subj30,94,4,word,lure,0
subj30,95,4,word,lure,0
subj30,96,4,word,lure,0
subj30,97,4,word,lure,0
subj30,98,4,word,lure,1
subj30,99,4,word,lure,1
subj30,100,4,word,lure,0
subj30,101,4,picture,target,1
subj30,102,4,picture,target,0
subj30,103,4,picture,target,1
subj30,104,4,picture,target,1
subj30,105,4,picture,target,1
subj30,106,4,picture,target,0
subj30,107,4,picture,target,1
subj30,108,4,picture,target,1
subj30,109,4,picture,target,1
subj30,110,4,picture,target,1
subj30,111,4,picture,lure,0
subj30,112,4,picture,lure,0
subj30,113,4,picture,lure,0
subj30,114,4,picture,lure,0
subj30,115,4,picture,lure,1
subj30,116,4,picture,lure,0
subj30,117,4,picture,lure,0
subj30,118,4,picture,lure,0
subj30,119,4,picture,lure,0
subj30,120,4,picture,lure,0
